word,definition,part_of_speech,synonyms
monospecificity,specific for a single antigen or receptor site on an antigen,adjective,"['monospecific', 'monospecificities', 'monospecificity']"
cherubism,a hereditary condition characterized by swelling of the jawbones and especially in young children by a characteristic facies marked by protuberant cheeks and upturned eyes,noun,['cherubism']
hyperimmunize,"to induce a high level of immunity or of circulating antibodies in (as by a long course of injections of antigen, repeated increasing doses of antigen, or the use of adjuvants along with the antigen)",transitive verb,"['hyperimmunise', 'hyperimmunised', 'hyperimmunising', 'hyperimmunize', 'hyperimmunized', 'hyperimmunizes', 'hyperimmunizing']"
sialogram,a radiograph of the salivary tract made by sialography,noun,"['sialogram', 'sialograms']"
exstrophies,eversion of a part or organ; specifically : a congenital malformation of the bladder in which the normally internal mucosa of the organ lies exposed on the abdominal wall because of failure of union between the halves of the pubic symphysis and between the adjacent halves of the abdominal wall,noun,"['exstrophies', 'exstrophy']"
anasarca,generalized edema with accumulation of serum in the connective tissue,noun,"['anasarca', 'anasarcas', 'anasarcous']"
Pertofrane,a preparation of the hydrochloride of desipramine —formerly a United States registered trademark,noun,['Pertofrane']
probarbital,a barbiturate C9H14N2O3 with sedative activity of intermediate duration,noun,['probarbital']
egestion,the act or process of discharging undigested or waste material from a cell or organism; specifically : defecation,noun,"['egest', 'egested', 'egesting', 'egestion', 'egestions', 'egestive', 'egests']"
graphic,"a diagram (as a series of one or more points, lines, line segments, curves, or areas) that represents the variation of a variable in comparison with that of one or more other variables",noun,"['graph', 'graphic', 'graphical', 'graphically', 'graphicness', 'graphicnesses', 'graphs']"
Endothrix,an endothrix fungus of the genus Trichophyton (especially T. tonsurans),noun,"['endothrices', 'endothrix', 'endothrixes']"
Endothrix,occurring within or penetrating the hair shaft; also : characterized by the presence of hyphae and arthroconidia within the hair shaft,adjective,['endothrix']
neurodermatitis,chronic eczematous dermatitis arising from repeated rubbing or scratching of a real or imagined irritation of the skin,noun,"['neurodermatitides', 'neurodermatitis', 'neurodermatitises']"
stapling,a usually U-shaped and typically metal surgical fastener used to hold layers of tissue together (as in the closure of an incision),noun,"['staple', 'stapled', 'stapler', 'staplers', 'staples', 'stapling']"
membranoproliferative,a slowly progressive chronic glomerulonephritis characterized by proliferation of mesangial cells and irregular thickening of glomerular capillary walls and narrowing of the capillary lumina,noun,['membranoproliferative glomerulonephritis']
daphnin,a bitter crystalline glucoside C15H16O9 occurring especially in plants of the genus Daphne (as D. mezereum),noun,"['daphnin', 'daphnins']"
triangular,"the bone in the proximal row of the carpus that is third counting from the thumb side of the wrist, has a pyramidal shape, and is situated between the lunate and pisiform bones —called also triangular, triangular bone, triangularis, triquetral, triquetrum",noun,"['triangular', 'triangular bone', 'triangularis', 'triquetral', 'triquetral bone', 'triquetrum']"
triangular,a shallow depression in the anterior part of the top of the ear's auricle between the two crura into which the antihelix divides,noun,['triangular fossa']
triangular,a triangular surface that slopes downward from the tip of a cusp of a molar or premolar toward the center of its occlusal surface,noun,['triangular ridge']
physiological,a branch of science dealing with the chemical aspects of physiological and biological systems : biochemistry,noun,"['physiological chemistries', 'physiological chemistry']"
physiological,the total dead space in the entire respiratory system including the alveoli,noun,['physiological dead space']
physiological,"a solution of a salt or salts that is essentially isotonic with tissue fluids or blood; especially : an approximately 0.9 percent solution of sodium chloride —called also normal saline solution, normal salt solution, physiological saline solution, physiological salt solution",noun,"['normal saline solution', 'normal salt solution', 'physiological saline', 'physiological saline solution', 'physiological salines', 'physiological salt solution']"
physiological,a temperature that is felt by the skin as neither warm nor cold and that under ordinary conditions usually falls at about 85° to 90°F (29° to 32°C),noun,"['physiological zero', 'physiological zeros']"
physiological,"a branch of psychology that deals with the effects of normal and pathological physiological processes on mental functioning —called also physiological psychology, physiopsychology",noun,"['physiological psychology', 'physiopsychology', 'psychophysiologies', 'psychophysiologist', 'psychophysiologists', 'psychophysiology']"
phototoxicities,rendering the skin susceptible to damage (as sunburn or blisters) upon exposure to light and especially ultraviolet light,adjective,"['phototoxic', 'phototoxicities', 'phototoxicity']"
echocardiographic,the use of ultrasound to examine and measure the structure and functioning of the heart and to diagnose abnormalities and disease,noun,"['echocardiographer', 'echocardiographers', 'echocardiographic', 'echocardiographies', 'echocardiography']"
Aschheim,a test formerly used especially to determine human pregnancy in its early stages on the basis of the effect of a subcutaneous injection of the patient's urine on the ovaries of an immature female mouse,noun,"['Aschheim', 'Aschheim-Zondek test', 'Zondek']"
ichthyoses,"any of several diseases usually of hereditary origin characterized by rough, thick, and scaly skin —called also fishskin disease",noun,"['fishskin disease', 'ichthyoses', 'ichthyosis']"
agaricin,an impure form of the active principle of medicinal agaric,noun,"['agaricin', 'agaricins']"
circulus,an anatomical circle or ring especially of veins or arteries,noun,"['circuli', 'circulus']"
rectal,any of three arteries supplying especially the rectum:,noun,"['inferior hemorrhoidal artery', 'inferior rectal artery', 'middle hemorrhoidal artery', 'middle rectal artery', 'rectal artery', 'superior hemorrhoidal artery', 'superior rectal artery']"
rectal,any of three or four crescentic folds projecting into the cavity of the rectum,noun,"['rectal valve', 'rectal valves']"
rectal,any of three veins that receive blood from the rectal venous plexus:,noun,"['inferior hemorrhoidal vein', 'inferior rectal vein', 'middle hemorrhoidal vein', 'middle rectal vein', 'rectal vein', 'superior hemorrhoidal vein', 'superior rectal vein']"
rectal,a plexus of veins that surrounds the rectum and empties especially into the rectal veins —called also rectal plexus,noun,"['rectal plexus', 'rectal venous plexus']"
digeorge,"a rare congenital disease that is characterized especially by absent or underdeveloped thymus and parathyroid glands, heart defects, immunodeficiency, hypocalcemia, and characteristic facial features (as wide-set eyes, small jaws, and low-set ears) and is typically caused by a deletion on the chromosome numbered 22",noun,"['Di George', 'DiGeorge syndrome', ""DiGeorge's syndrome""]"
candicidin,an antibiotic obtained from a streptomyces (Streptomyces griseus) and active against some fungi of the genus Candida,noun,"['candicidin', 'candicidins']"
denitrification,the loss or removal of nitrogen or nitrogen compounds; specifically : reduction of nitrates or nitrites commonly by bacteria (as in soil) that usually results in the escape of nitrogen into the air,noun,"['denitrification', 'denitrifications', 'denitrified', 'denitrifier', 'denitrifiers', 'denitrifies', 'denitrify', 'denitrifying']"
degenerate,"having declined (as in nature, character, structure, or function) from an ancestral or former state; especially : having deteriorated progressively (as in the process of evolution) especially through loss of structure and function",adjective,"['degenerate', 'degenerately', 'degenerateness', 'degeneratenesses']"
embedment,to prepare (a microscopy specimen) for sectioning by infiltrating with and enclosing in a supporting substance,transitive verb,"['embed', 'embedded', 'embedding', 'embedment', 'embedments', 'imbed', 'imbedded', 'imbedding']"
hepatologies,"a branch of medicine concerned with the structure, functions, diseases, and abnormalities of the liver",noun,"['hepatologies', 'hepatologist', 'hepatology']"
Geotrichum,a genus of Fungi Imperfecti of the family Moniliaceae comprising fungi that usually produce arthrospores and including one (G. candidum) that causes human geotrichosis,noun,['Geotrichum']
normocalcemia,the presence of a normal concentration of calcium in the blood,noun,"['normocalcaemia', 'normocalcaemic', 'normocalcemia', 'normocalcemic']"
isoimmunization,production by an individual of antibodies against constituents of the tissues of another individual of the same species (as when transfused with blood from one belonging to a different blood group) —called also alloimmunization,noun,"['alloimmunization', 'isoimmunisation', 'isoimmunization', 'isoimmunizations']"
thymolphthalein,a crystalline compound C28H30O4 analogous to phenolphthalein and likewise used as an acid-base indicator,noun,"['thymolphthalein', 'thymolphthaleins']"
Schiøtz,a tonometer used to measure intraocular pressure in millimeters of mercury,noun,"['Schiotz', 'Schiotz tonometer']"
bilirubin,"a reddish-yellow, crystalline, water-insoluble pigment C33H36N4O6 that is formed by the breakdown of heme, is excreted in a water-soluble conjugated form by liver cells into bile, and occurs in blood and urine especially in diseased states (such as cirrhosis, gallstones, and hemolytic anemia)",noun,"['bilirubin', 'bilirubins']"
poliomyelitis,"an infectious disease especially of young children that is caused by the poliovirus —called also infantile paralysis, poliomyelitis",noun,"['infantile paralysis', 'polio', 'poliomyelitis', 'polios']"
albinos,"an organism exhibiting deficient pigmentation; especially : a human being who is congenitally deficient in pigment and usually has a milky or translucent skin, white or colorless hair, and eyes with pink or blue iris and deep-red pupil",noun,"['albinic', 'albino', 'albinos']"
filament,"a single thread or a thin flexible threadlike object, process, or appendage; especially : an elongated thin series of cells attached one to another or a very long thin cylindrical single cell (as of some algae, fungi, or bacteria)",noun,"['filament', 'filamentary', 'filamentous', 'filaments']"
filament,any of a class of usually insoluble cellular protein fibers (as cytokeratin or a neurofilament) composed of various fibrous polypeptides that serve especially to provide structural stability and strength to the cytoskeleton and are intermediate in diameter between microfilaments and microtubules,noun,"['intermediate filament', 'intermediate filaments']"
filament,a theory in physiology holding that muscle contraction occurs when the actin filaments next to the Z line at each end of a sarcomere are drawn toward each other between the thicker myosin filaments more centrally located in the sarcomere by the projecting globular heads of myosin molecules that form temporary attachments to the actin filaments and become detached when the actin filaments move in the opposite directions toward the ends of the sarcomere —called also sliding filament theory,noun,"['sliding filament hypothesis', 'sliding filament theory']"
filament,a myofilament of one of the two types making up myofibrils that is 10 to 12 nanometers (100 to 120 angstroms) in width and is composed of the protein myosin,noun,['thick filament']
filament,a myofilament of the one of the two types making up myofibrils that is about 5 nanometers (50 angstroms) in width and is composed chiefly of the protein actin,noun,['thin filament']
macropsia,a condition of the eye in which objects appear to be unnaturally large,noun,"['macropsia', 'macropsias', 'macropsies', 'macropsy']"
penicillinase,beta-lactamase; specifically : a beta-lactamase that hydrolyzes and inactivates penicillin,noun,"['penicillinase', 'penicillinases']"
acrocyanosis,"blueness or pallor of the extremities usually associated with pain and numbness and caused by vasomotor disturbances (as in Raynaud's disease); specifically : a disorder of the arterioles of the exposed parts of the hands and feet involving abnormal contraction of the arteriolar walls intensified by exposure to cold and resulting in bluish mottled skin, chilling, and sweating of the affected parts",noun,"['acrocyanoses', 'acrocyanosis', 'acrocyanotic']"
chlorides,a compound of chlorine with another element or radical; especially : a salt or ester of hydrochloric acid —called also muriate,noun,"['chloride', 'chlorides', 'muriate']"
chlorides,"a deliquescent compound AlCl3 or Al2Cl3 that is used as a topical astringent and antiseptic on the skin, in some deodorants to control sweating, and in the anhydrous form as a catalyst",noun,"['aluminum chloride', 'aluminum chlorides']"
chlorides,a white crystalline volatile salt NH4Cl that is used in dry cells and as an expectorant —called also sal ammoniac,noun,"['ammonium chloride', 'ammonium chlorides', 'sal ammoniac']"
chlorides,a water-soluble toxic salt BaCl2·2H2O used especially as a reagent in analysis,noun,"['barium chloride', 'barium chlorides']"
chlorides,a white or yellowish white mixture of chloride salts obtained as a bitter aromatic powder or gelatinous pieces that is used as an antiseptic and germicide,noun,"['benzalkonium chloride', 'benzalkonium chlorides']"
chlorides,a salt CaCl2 used in medicine as a source of calcium and as a diuretic,noun,"['calcium chloride', 'calcium chlorides']"
chlorides,a white powder consisting of a hydrated quaternary ammonium salt C21H38ClN·H2O and used as a cationic detergent and antiseptic,noun,"['cetylpyridinium chloride', 'cetylpyridinium chlorides']"
chlorides,a colorless pungent flammable gaseous or volatile liquid C2H5Cl used especially as a topical anesthetic,noun,"['ethyl chloride', 'ethyl chlorides']"
chlorides,"a deliquescent salt FeCl3 that is used chiefly as an oxidizing agent, as a catalyst, as an etching agent in photoengraving, as a coagulant in treating industrial wastes, and in medicine in a water solution or tincture usually as an astringent or styptic",noun,"['ferric chloride', 'ferric chlorides']"
chlorides,a colorless pungent poisonous gas HCl that fumes in moist air and yields hydrochloric acid when dissolved in water,noun,"['hydrogen chloride', 'hydrogen chlorides']"
precision,"a branch of medicine concerned with developing therapies targeted to individuals or particular groups based on their unique genetic, molecular, or phenotypic characteristics; also : a therapy developed in this manner —called also personalized medicine",noun,['precision medicine']
hippoboscidae,"a family of winged or wingless dipteran flies that comprise the louse flies (as the sheep ked), are bloodsucking parasites on birds and mammals, and do not lay eggs but produce well developed larvae from time to time which almost immediately pupate",noun plural,"['Hippoboscidae', 'hippoboscid']"
Oxyuridae,a family of nematode worms that have a distinct posterior enlargement of the pharynx and no preanal suckers in the male and that are chiefly parasites of the vertebrate intestinal tract,noun plural,['Oxyuridae']
doxylamine,"an antihistamine derived from pyridine that is typically used in the form of its succinate C17H22N2O·C4H6O4 to treat respiratory symptoms of the common cold and allergies, to induce sleep in the treatment of insomnia, and in combination with pyridoxine hydrochloride to control nausea and vomiting associated with pregnancy",noun,"['doxylamine', 'doxylamines']"
physiology,"a branch of biology that deals with the functions and activities of life or of living matter (as organs, tissues, or cells) and of the physical and chemical phenomena involved",noun,"['physiologies', 'physiologist', 'physiologists', 'physiology']"
acrocephalosyndactylies,any of several genetic syndromes (such as Apert syndrome) that are present at birth and are characterized by premature closure of the cranial sutures resulting in malformations of the skull along with facial anomalies (such as widely spaced eyes),noun,"['acrocephalosyndactylies', 'acrocephalosyndactyly']"
ribonucleases,an enzyme that catalyzes the hydrolysis of RNA —called also RNase,noun,"['RNase', 'ribonuclease', 'ribonucleases']"
arginase,a crystalline enzyme that converts naturally occurring arginine into ornithine and urea,noun,"['arginase', 'arginases']"
angostura,the aromatic bitter bark of either of two South American trees (Galipea officinalis and Cusparia trifoliata) of the rue family used especially formerly as a tonic and antipyretic —called also angostura,noun,"['angostura', 'angostura bark', 'angostura barks']"
exostotic,a spur or bony outgrowth from a bone or the root of a tooth,noun,"['exostoses', 'exostosis', 'exostotic']"
metopic,"of or relating to the forehead : frontal; especially : of, relating to, or being a suture uniting the frontal bones in the fetus and sometimes persistent after birth",adjective,['metopic']
glucocerebroside,a lipid composed of a ceramide and glucose that accumulates in the tissues of patients affected with Gaucher disease,noun,"['glucocerebroside', 'glucocerebrosides']"
flexibilities,"capable of being flexed : capable of being turned, bowed, or twisted without breaking",adjective,"['flexibilities', 'flexibility', 'flexible', 'flexibly']"
flexibilities,a condition in which a patient's limbs retain any position into which they are manipulated by another person and which occurs especially in catatonic schizophrenia,noun,"['waxy flexibilities', 'waxy flexibility']"
Teschen,"a now uncommon mild to severe encephalomyelitis of swine that is caused by picornaviruses of several serogroups belonging to the genus Enterovirus, that is marked by lesions of the central nervous system and by varying degrees of systemic paralysis, and that is considered analogous to human polio",noun,['Teschen disease']
quintuplet,one of five children or offspring born at one birth,noun,"['quintuplet', 'quintuplets']"
chiropractic,a system of therapy which holds that disease results from a lack of normal nerve function and which employs manipulation and specific adjustment of body structures (as the spinal column),noun,"['chiropractic', 'chiropractics', 'chiropractor', 'chiropractors']"
chondro,any of several mucopolysaccharidoses (as Hurler syndrome) characterized especially by disorders of bone and cartilage,noun,"['chondro-osteodystrophies', 'chondro-osteodystrophy']"
laetrile,"a drug that is derived especially from pits of the apricot (Prunus armeniaca of the rose family), that contains amygdalin, and that has been used in the treatment of cancer although of unproved effectiveness",noun,"['laetrile', 'laetriles']"
Ivy,"a climbing plant of the genus Rhus (R. radicans synonym Toxicodendron radicans) that is especially common in the eastern and central United States, that has leaves in groups of three, greenish flowers, and white berries, and that produces an acutely irritating oil causing a usually intensely itching skin rash",noun,"['poison ivies', 'poison ivy']"
electrolyses,the process of producing chemical changes by passage of an electric current through an electrolyte,noun,"['electrolyses', 'electrolysis']"
oogenetic,formation and maturation of the egg —called also ovogenesis,noun,"['oogeneses', 'oogenesis', 'oogenetic', 'ovogenesis']"
chyle,"lymph that is milky from emulsified fats, characteristically present in the lacteals, and most apparent during intestinal absorption of fats",noun,"['chyle', 'chyles', 'chylous']"
lumpy,actinomycosis; especially : actinomycosis of the head in cattle,noun,"['lump jaw', 'lump jaws', 'lumpy jaw', 'lumpy jaws']"
lumpy,"a highly infectious disease of African cattle that is caused by a poxvirus (genus Capripoxvirus), is marked by mild fever, loss of weight, and the development of inflammatory nodules in the skin and mucous membranes tending to become necrotic and ulcerous, and that may be transmitted by insects",noun,"['lumpy skin disease', 'lumpy skin diseases']"
decomposition,the act or process of decomposing : the state of being decomposed:,noun,"['decomposition', 'decompositions']"
decomposition,to separate into constituent parts or elements or into simpler compounds,verb,"['decomposabilities', 'decomposability', 'decomposable', 'decompose', 'decomposed', 'decomposes', 'decomposing', 'decomposition', 'decompositions']"
decomposition,a chemical reaction between two compounds in which part of the first compound becomes united with part of the second and the remainder of the first compound becomes united with the remainder of the second (as in AB + CD → AD + BC) —called also metathesis,noun,"['double decomposition', 'double decompositions', 'metathesis']"
sella,a depression in the middle line of the upper surface of the sphenoid bone in which the pituitary gland is lodged,noun,"['sella turcica', 'sellae turcicae']"
sella,"a condition in which the subarachnoid space extends into the sella turcica causing it to become filled with cerebrospinal fluid, the pituitary gland is compressed, and the diaphragma sellae is greatly reduced but pituitary function usually remains normal unless impaired by some other factor (as an infarction, irradiation, or a tumor)",noun,['empty sella syndrome']
hallux,the innermost digit (as the big toe in humans) of a hind or lower limb,noun,"['halluces', 'hallux']"
hallux,restricted mobility of the big toe due to stiffness of the metatarsophalangeal joint especially when due to arthritic changes in the joint,noun,['hallux rigidus']
hallux,an abnormal deviation of the big toe away from the midline of the body or toward the other toes of the foot that is associated especially with the wearing of ill-fitting shoes,noun,"['hallux valgus', 'hallux valguses']"
histological,a branch of anatomy that deals with the minute structure of animal and plant tissues as discernible with the microscope,noun,"['histologic', 'histological', 'histologically', 'histologies', 'histologist', 'histologists', 'histology']"
scrub,to clean and disinfect (the hands and forearms) before participating in surgery,verb,"['scrub', 'scrubbable', 'scrubbed', 'scrubbing', 'scrubs']"
scrub,a nurse who assists the surgeon in an operating room,noun,"['scrub nurse', 'scrub nurses']"
scrub,"a loose-fitting, two-piece garment worn by hospital staff",noun,['scrub suit']
scrub,"an acute febrile disease that is caused by a rickettsial bacterium (Orientia tsutsugamushi synonym Rickettsia tsutsugamushi) transmitted by mite larvae, resembles louse-borne typhus, and is widespread in the western Pacific area —called also tsutsugamushi, tsutsugamushi disease",noun,"['scrub typhus', 'scrub typhuses', 'tsutsugamushi', 'tsutsugamushi disease']"
galvanic,"of, relating to, involving, or producing a direct current of electricity",adjective,"['Galvani', 'galvanic', 'galvanically']"
galvanic,a change in the electrical resistance of the skin that is a physiochemical response to emotional arousal which increases sympathetic nervous system activity —abbreviation GSR,noun,"['galvanic skin response', 'galvanic skin responses']"
arsenate,an arsenate of lead; especially : either of the two salts PbHAsO4 and Pb3(AsO4)2 formerly used as insecticides,noun,"['lead arsenate', 'lead arsenates']"
hyperchlorhydria,the presence of a greater than typical proportion of hydrochloric acid in gastric juice that occurs in many normal individuals but is especially characteristic of various pathological states (as ulceration),noun,"['hyperchlorhydria', 'hyperchlorhydrias']"
manometric,an instrument (as a pressure gauge) for measuring the pressure of gases and vapors,noun,"['manometer', 'manometers', 'manometric', 'manometrically', 'manometries', 'manometry']"
widow,a blockage in a branch of the left coronary artery that commonly causes a fatal heart attack; also : the branch of the left coronary artery susceptible to fatal blockage,noun,"['widow maker', 'widow-maker', 'widow-makers', 'widowmaker']"
widow,a venomous New World spider of the genus Latrodectus (L. mactans) the female of which is black with an hourglass-shaped red mark on the underside of the abdomen; broadly : any other spider of the genus Latrodectus,noun,"['black widow', 'black widows']"
lithium,a soft silver-white element of the alkali metal group that is the lightest metal known and that is used in chemical synthesis and in storage batteries —symbol Li,noun,"['lithium', 'lithiums']"
lithium,a crystalline salt Li2CO3 used in the glass and ceramic industries and in medicine in the treatment of mania and hypomania in bipolar disorder,noun,"['lithium carbonate', 'lithium carbonates']"
parataxic,relating to or being thinking in which a cause and effect relationship is attributed to events occurring at about the same time but having no logical relationship,adjective,['parataxic']
epimeric,either of the stereoisomers of a sugar or sugar derivative that differ in the arrangement of the hydrogen atom and the hydroxyl group on the first asymmetric carbon atom of a chain,noun,"['epimer', 'epimeric', 'epimers']"
Hydrastis,a genus of herbs (family Ranunculaceae) having palmately lobed leaves and small greenish flowers and including the goldenseal (H. canadensis),noun,"['goldenseal', 'hydrastis', 'hydrastises']"
pentose,a monosaccharide C5H10O5 (as ribose) that contains five carbon atoms in a molecule,noun,"['pentose', 'pentoses']"
segments,"one of the constituent parts into which a body, entity, or quantity is divided or marked off by or as if by natural boundaries",noun,"['segment', 'segmentary', 'segments']"
segments,to cause to undergo segmentation by division or multiplication of cells,transitive verb,"['segment', 'segmented', 'segmenting', 'segments']"
segments,a segment of the spinal cord including a single pair of spinal nerves and representing the spinal innervation of a single primitive metamere,noun,"['spinal segment', 'spinal segments']"
zygion,a craniometric point at either end of the bizygomatic diameter,noun,"['zygia', 'zygion', 'zygions']"
yeastlike,"a unicellular chiefly ascomycetous fungus (as of the family Saccharomycetaceae) that has usually little or no mycelium, that typically reproduces asexually by budding, and that includes forms (as Saccharomyces cerevisiae) which cause alcoholic fermentation and are used especially in the making of alcoholic beverages and leavened bread",noun,"['yeast', 'yeastlike', 'yeasts']"
gadflies,"any of various flies (as a horsefly, botfly, or warble fly) that bite or annoy livestock",noun,"['gadflies', 'gadfly']"
laryngoscopies,examination of the interior of the larynx (as with a laryngoscope),noun,"['laryngoscopies', 'laryngoscopy']"
laryngoscopies,an endoscope for visually examining the interior of the larynx,noun,"['laryngoscope', 'laryngoscopes', 'laryngoscopic', 'laryngoscopical', 'laryngoscopically', 'laryngoscopies', 'laryngoscopy']"
gonogeneses,maturation of germ cells that includes oogenesis and spermatogenesis,noun,"['gonogeneses', 'gonogenesis']"
provirus,a form of a virus that is integrated into the genetic material of a host cell and by replicating with it can be transmitted from one cell generation to the next without causing lysis,noun,"['proviral', 'provirus', 'proviruses']"
parametrium,the connective tissue and fat adjacent to the uterus,noun,"['parametria', 'parametrium']"
instabilities,the quality or state of being unstable; especially : lack of emotional or mental stability,noun,"['instabilities', 'instability']"
scoptophilia,a desire to look at sexually stimulating scenes especially as a substitute for actual sexual participation,noun,"['scopophilia', 'scopophilias', 'scopophilic', 'scoptophilia', 'scoptophilias', 'scoptophilic']"
fibrinopurulent,"containing, characterized by, or exuding fibrin and pus",adjective,['fibrinopurulent']
arteriovenous,"of, relating to, or connecting the arteries and veins",adjective,['arteriovenous']
TEA,"a shrub (Camellia sinensis of the family Theaceae, the tea family) cultivated especially in China, Japan, and the East Indies",noun,"['tea', 'tealike', 'teas']"
TEA,an essential oil derived from an Australian tree (Melaleuca alternifolia) and used especially as an antiseptic,noun,['tea tree oil']
TEA,a rank-scented tropical American pigweed of the genus Chenopodium (C. ambrosioides) that is the source of chenopodium oil,noun,['Mexican tea']
paraphysis,"one of the slender sterile often septate filaments of many cryptogamic plants (as fungi) that are borne among the spore- or gamete-forming organs, are single or branched, and are composed of one or more cells",noun,"['paraphyses', 'paraphysis']"
nephrocalcinosis,a condition marked by calcification of the tubules of the kidney,noun,"['nephrocalcinoses', 'nephrocalcinosis']"
spermicidal,a preparation or substance (as nonoxynol-9) used to kill sperm —called also spermatocide,noun,"['spermatocide', 'spermicidal', 'spermicide', 'spermicides']"
Zebeta,—used for a preparation of the fumarate of bisoprolol,trademark,['Zebeta']
lidocaine,a crystalline compound C14H22N2O used as a local anesthetic often in the form of its hydrochloride C14H22N2O·HCl —called also lignocaine,noun,"['lidocaine', 'lidocaines', 'lignocaine']"
mastoidectomy,surgical removal of the mastoid cells or of the mastoid process of the temporal bone,noun,"['mastoidectomies', 'mastoidectomy']"
exacerbation,to cause (a disease or its symptoms) to become more severe,transitive verb,"['exacerbate', 'exacerbated', 'exacerbates', 'exacerbating', 'exacerbation', 'exacerbations']"
endophytic,tending to grow inward into tissues in fingerlike projections from a superficial site of origin —used of tumors,adjective,['endophytic']
Waterpick,a device that cleans teeth by directing a pressurized stream of water between and over them,noun,"['water pick', 'water picks']"
cytometers,a technique for identifying and sorting cells and their components (as DNA) by staining with a fluorescent dye and detecting the fluorescence usually by laser beam illumination,noun,"['flow cytometer', 'flow cytometers', 'flow cytometries', 'flow cytometry']"
condimental,something used to enhance the flavor of food; especially : a pungent seasoning,noun,"['condiment', 'condimental', 'condiments']"
dermopathy,"a disease of the skin —called also dermatopathia, dermatopathy",noun,"['dermatopathia', 'dermatopathy', 'dermopathies', 'dermopathy']"
childbirth,the act or process of giving birth to a baby : parturition,noun,"['childbirth', 'childbirths']"
childbirth,a system of managing childbirth in which the mother receives preparatory education in order to remain conscious during and assist in delivery with minimal or no use of drugs or anesthetics,noun,"['natural childbirth', 'natural childbirths']"
gastroenterologist,"a branch of medicine concerned with the structure, functions, diseases, and pathology of the stomach and intestines",noun,"['gastroenterologic', 'gastroenterological', 'gastroenterologies', 'gastroenterologist', 'gastroenterologists', 'gastroenterology']"
pangenesis,a disproven hypothetical mechanism of heredity in which the cells throw off particles that collect in the reproductive products or in buds so that the egg or bud contains particles from all parts of the parent,noun,"['pangeneses', 'pangenesis', 'pangenetic']"
accretio,"adhesive pericarditis in which there are adhesions extending from the pericardium to the mediastinum, pleurae, diaphragm, and chest wall",noun,['accretio cordis']
microtubular,"any of the minute tubules in eukaryotic cytoplasm that are composed of the protein tubulin and form an important component of the cytoskeleton, mitotic spindle, cilia, and flagella",noun,"['microtubular', 'microtubule', 'microtubules']"
Colace,—used for a preparation of the sodium salt of docusate,trademark,['Colace']
Colace,—used for a preparation containing sennosides and the sodium salt of docusate,trademark,['Peri-Colace']
radioscopy,direct observation of objects opaque to light by means of some other form of radiant energy (as X-rays),noun,"['radioscopies', 'radioscopy']"
hairball,a compact mass of hair formed in the stomach especially of a shedding animal (as a cat) that cleanses its coat by licking —called also trichobezoar,noun,"['hair ball', 'hair balls', 'trichobezoar']"
hydrophilicities,"of, relating to, or having a strong affinity for water",adjective,"['hydrophilic', 'hydrophilicities', 'hydrophilicity']"
tendinosis,progressive degeneration of a tendon (as from chronic overuse) that usually involves fraying or tearing of fibrous tissue and is typically accompanied by pain and stiffness but little inflammation,noun,"['tendinoses', 'tendinosis', 'tendinosises', 'tendonoses', 'tendonosis', 'tendonosises']"
intrapsychic,"being or occurring within the psyche, mind, or personality",adjective,"['intrapsychic', 'intrapsychically']"
phenylbutazone,"a drug C19H20N2O2 that is used for its analgesic and anti-inflammatory properties especially in the treatment of arthritis, gout, and bursitis",noun,"['phenylbutazone', 'phenylbutazones']"
dioxane,a flammable toxic liquid C4H8O2 used especially as a solvent and as a clearing agent for histological preparations,noun,"['dioxan', 'dioxane', 'dioxanes', 'dioxans']"
rRNA,RNA that is a fundamental structural element of ribosomes —called also rRNA,noun,"['rRNA', 'ribosomal RNA', 'ribosomal RNAs']"
restored,to bring back to or put back into a former or original state,transitive verb,"['restore', 'restored', 'restorer', 'restorers', 'restores', 'restoring']"
lichenification,the process by which skin becomes hardened and leathery or lichenoid usually as a result of chronic irritation; also : a patch of skin so modified,noun,"['lichenification', 'lichenifications']"
hemiblock,inhibition or failure of conduction of the muscular excitatory impulse in either of the two divisions of the left branch of the bundle of His,noun,['hemiblock']
Johnswort,"any of a genus (Hypericum of the family Guttiferae, the Saint-John's-wort family) of herbs and shrubs with showy yellow flowers; especially : one (H. perforatum) of dry soil, roadsides, pastures, and ranges that contains a photodynamic pigment causing dermatitis due to photosensitization in sheep, cattle, horses, and goats when ingested",noun,"['John the Baptist', ""Saint John's wort"", ""Saint John's worts"", ""Saint-John's-wort"", ""Saint-John's-worts"", ""St. John's wort"", ""St. John's worts""]"
pathergasia,psychological maladjustment associated with major abnormalities in structure or function,noun,['pathergasia']
Woods,a lamp for producing ultraviolet radiation in which a filter made of nickel-containing glass is used to block all light having a wavelength above 365 nanometers and which is used especially to detect various skin conditions (as some fungus infections) by the fluorescence induced in the affected areas by ultraviolet radiation,noun,"['Wood', 'Wood lamp', ""Wood's lamp""]"
Woods,wood's lamp; also : ultraviolet radiation produced by a Wood's lamp,noun,"['Wood light', ""Wood's light""]"
aglucone,aglycone; especially : one combined with glucose in a glucoside,noun,"['aglucon', 'aglucone', 'aglucones', 'aglucons']"
incudomalleal,relating to or connecting the incus and the malleus,adjective,['incudomalleal']
nucleoid,the DNA-containing area of a prokaryotic cell (as a bacterium),noun,"['nucleoid', 'nucleoids']"
pisiform,a bone on the little-finger side of the carpus that articulates with the triquetral bone,noun,"['pisiform', 'pisiform bone', 'pisiforms']"
unciform,"a bone on the little-finger side of the second row of the carpus in mammals —called also unciform, unciform bone",noun,"['hamate', 'hamate bone', 'hamates', 'unciform', 'unciform bone']"
cuneiform,"of, relating to, or being a cuneiform bone or cartilage",adjective,['cuneiform']
cuneiform,any of three small bones of the tarsus situated between the navicular and the first three metatarsals:,noun,"['cuneiform bone', 'intermediate cuneiform', 'intermediate cuneiform bone', 'lateral cuneiform', 'lateral cuneiform bone', 'medial cuneiform', 'medial cuneiform bone']"
cuneiform,either of a pair of rods of yellow elastic cartilage of which each lies on one side of the larynx in an aryepiglottic fold just below the arytenoid cartilage —called also cartilage of Wrisberg,noun,"['cartilage of Wrisberg', 'cuneiform cartilage']"
fungiform,any of numerous papillae on the upper surface of the tongue that are flat-topped and noticeably red from the richly vascular stroma and usually contain taste buds,noun,"['fungiform papilla', 'fungiform papillas']"
isoform,any of two or more functionally similar proteins that have a similar but not identical amino acid sequence and are either encoded by different genes or by RNA transcripts from the same gene which have had different exons removed,noun,"['isoform', 'isoforms']"
piriform,the part of the cerebral cortex of the piriform lobe that receives primary input from the olfactory bulb,noun,"['piriform cortex', 'piriform cortexes', 'piriform cortices', 'piriform', 'piriforms', 'pyriform cortex', 'pyriform cortexes', 'pyriform cortices', 'pyriform', 'pyriforms']"
piriform,the anterior opening of the nasal cavities in the skull,noun,"['piriform aperture', 'piriform apertures', 'pyriform aperture', 'pyriform apertures']"
piriform,the lateral olfactory gyrus and the parahippocampal gyrus taken together,noun,"['piriform area', 'piriform lobe', 'pyriform lobe', 'piriform areas', 'piriform lobes', 'pyriform lobes', 'pyriform area', 'pyriform areas']"
piriform,a small cavity or pocket between the lateral walls of the pharynx on each side and the upper part of the larynx,noun,"['piriform fossa', 'piriform recess', 'piriform sinus', 'piriform fossas', 'piriform recesses', 'piriform sinuses', 'pyriform fossa', 'pyriform recess', 'pyriform sinus', 'pyriform fossas', 'pyriform recesses', 'pyriform sinuses']"
pisiforms,a bone on the little-finger side of the carpus that articulates with the triquetral bone,noun,"['pisiform', 'pisiform bone', 'pisiforms']"
spongiform,"of, relating to, or being a spongiform encephalopathy",adjective,['spongiform']
spongiform,any of various degenerative diseases of the brain characterized by the development of porous spongelike lesions in brain tissue and by deterioration in neurological functioning; specifically : prion disease,noun,"['spongiform encephalopathies', 'spongiform encephalopathy']"
spongiform,"a fatal prion disease of cattle that affects the nervous system, resembles or is identical with scrapie of sheep and goats, and is probably transmitted by infected tissue in food —abbreviation BSE—called also mad cow disease",noun,"['bovine spongiform encephalopathies', 'bovine spongiform encephalopathy', 'mad cow disease']"
spongiform,"any of a group of spongiform encephalopathies that are caused and transmitted by prions and that include bovine spongiform encephalopathy, Creutzfeldt-Jakob disease, fatal familial insomnia, Gerstmann-Sträussler-Scheinker syndrome, kuru, scrapie, and variant Creutzfeldt-Jakob disease —called also transmissible spongiform encephalopathy",noun,"['prion disease', 'transmissible spongiform encephalopathy']"
brachioplasty,plastic surgery that removes excess skin and fat from the undersurface of the upper arm chiefly for cosmetic purposes to reduce sagging —called also arm lift,noun,"['arm lift', 'brachioplasties', 'brachioplasty']"
cardioplasty,surgical repair of the gastric cardiac sphincter —called also esophagogastroplasty,noun,"['cardioplasties', 'cardioplasty', 'esophagogastroplasty']"
vaginoplasty,plastic surgery of the vagina —called also colpoplasty,noun,"['colpoplasty', 'vaginoplasties', 'vaginoplasty']"
angioplasty,surgical repair or recanalization of a blood vessel; especially : balloon angioplasty,noun,"['angioplasties', 'angioplasty']"
angioplasty,dilation of an obstructed atherosclerotic artery by the passage of a balloon catheter through the vessel to the area of disease where inflation of the catheter's tip compresses the plaque against the vessel wall,noun,"['balloon angioplasties', 'balloon angioplasty']"
angioplasty,a cardiovascular procedure that is performed to widen the lumen of a partially or fully occluded blood vessel (as the femoral or coronary artery) narrowed or blocked typically by atherosclerotic plaque and that involves passing a balloon catheter through the skin and into a blood vessel (as of the groin or arm) to be guided to the site of obstruction where the tip of the catheter is expanded by inflation to compress and flatten the plaque; especially : percutaneous transluminal coronary angioplasty —abbreviation PTA,noun,['percutaneous transluminal angioplasty']
angioplasty,percutaneous transluminal angioplasty of a coronary artery : balloon angioplasty; also : percutaneous coronary intervention —abbreviation PTCA,noun,['percutaneous transluminal coronary angioplasty']
autoplasty,the repairing of lesions with tissue from the same body,noun,"['autoplasticity', 'autoplasties', 'autoplasty']"
dioptrics,a branch of optics dealing with the refraction of light especially by lenses,"noun, plural in form but singular in construction",['dioptrics']
catadioptric,"belonging to, produced by, or involving both the reflection and the refraction of light",adjective,['catadioptric']
catheptic,"any of a class of proteases present in most animal tissues (as in kidney, liver, and spleen) that catalyze the hydrolysis of proteins to polypeptides",noun,"['cathepsin', 'cathepsins', 'catheptic']"
cataleptics,a trancelike state of consciousness (as that occurring in catatonic schizophrenia) that is marked by a loss of voluntary motion and a fixed posture in which the limbs remain in whatever position they are placed,noun,"['catalepsies', 'catalepsy', 'cataleptic', 'cataleptically', 'cataleptics']"
cytopathic,"of, relating to, characterized by, or producing pathological changes in cells",adjective,['cytopathic']
bariatrics,a branch of medicine that deals with the treatment of obesity,"noun, plural in form but singular in construction",['bariatrics']
cytophotometries,photometry applied to the study of the cell or its constituents,noun,"['cytophotometric', 'cytophotometrically', 'cytophotometries', 'cytophotometry']"
catatonics,"of, relating to, marked by, or affected with catatonia",adjective,"['catatonic', 'catatonically', 'catatonics']"
dioptric,producing or serving in refraction of a beam of light : refractive; specifically : assisting vision by refracting and focusing light,adjective,"['dioptric', 'dioptrical', 'dioptrically']"
entoptic,lying or originating within the eyeball —used especially of visual sensations due to the shadows of retinal blood vessels or of opaque particles in the vitreous body falling upon the retina,adjective,['entoptic']
scatophagies,the practice of eating excrement or other filth especially as a pathological obsession,noun,"['scatophagies', 'scatophagy']"
cataplasias,reversion of cells or tissues to a more embryonic condition,noun,"['cataplasia', 'cataplasias', 'cataplastic']"
cataplexies,"a sudden loss of muscle control with retention of clear consciousness that follows a strong emotional stimulus (as elation, surprise, or anger) and is a characteristic symptom of narcolepsy",noun,"['cataplexies', 'cataplexy']"
paediatrics,"a branch of medicine dealing with the development, care, and diseases of infants, children, and adolescents","noun, plural in form but singular or plural in construction","['paediatrics', 'pediatrics']"
finger,any of the five terminating members of the hand : a digit of the forelimb; especially : one other than the thumb,noun,"['finger', 'fingerlike', 'fingers']"
finger,valvulotomy of the mitral commissures performed by a finger thrust through the valve,noun,"['finger fracture', 'finger fractures']"
finger,the representation of individual letters and numbers using standardized finger positions,noun,"['dactylology', 'finger spelling', 'finger spellings']"
finger,relating to or being a blood test for which blood is obtained by a finger stick,adjective,['finger-stick']
finger,an instance of pricking the skin of a finger to obtain blood from a capillary,noun,['finger stick']
finger,the finger next to the thumb —called also forefinger,noun,"['forefinger', 'index finger', 'index fingers']"
finger,the fourth and smallest finger of the hand counting the index finger as the first,noun,"['little finger', 'little fingers']"
finger,involuntary flexion of the distal phalanx of a finger caused by avulsion of the extensor tendon,noun,['mallet finger']
fine,a long thin hollow needle with a narrow bore used especially to obtain samples by fine needle aspiration; also : a solid hairlike needle used in acupuncture,noun,['fine needle']
fine,the process of obtaining a sample of cells and bits of tissue for examination by applying suction through a fine needle attached to a syringe —abbreviation FNA,noun,['fine needle aspiration']
fine,microscopic structure of a biological entity or one of its parts especially as studied in preparations for the electron microscope,noun,"['fine structural', 'fine structure', 'fine structures']"
Fleischer,a brown or greenish brown ring of copper deposits around the cornea that is characteristic of Wilson's disease,noun,"['Fleischer', 'Kayser', 'Kayser-Fleischer ring']"
fissure,a natural cleft between body parts or in the substance of an organ: as,noun,"['fissure', 'fissured', 'fissures']"
fissure,a groove along the anterior midline of the spinal cord that incompletely divides it into symmetrical halves —called also ventral median fissure,noun,"['anterior median fissure', 'ventral median fissure']"
fissure,a fissure of the right lung that begins at the oblique fissure and runs horizontally dividing the lung into superior and middle lobes,noun,['horizontal fissure']
higher,having a complex organization : greatly differentiated or developed phylogenetically —usually used in the comparative degree of advanced types of plants and animals,adjective,"['high', 'high on', 'higher', 'highest']"
Usher,a genetic disease that is characterized by congenital deafness or progressive hearing loss during childhood and by retinitis pigmentosa and that is inherited chiefly as an autosomal recessive trait,noun,"['Usher', 'Usher syndrome', ""Usher's syndrome""]"
feldsher,a medical or surgical practitioner without full professional qualifications or status in some east European countries and especially Russia,noun,"['feldsher', 'feldshers']"
fetishes,an object or bodily part whose real or fantasized presence is psychologically necessary for sexual gratification and that is an object of fixation to the extent that it may interfere with complete sexual expression,noun,"['fetich', 'fetiches', 'fetish', 'fetishes']"
feather,one of the light horny epidermal outgrowths that form the external covering of the body of birds and that consist of a shaft bearing on each side a series of barbs which bear barbules which in turn bear barbicels commonly ending in the hooked processes and interlocking with the barbules of an adjacent barb to link the barbs into a continuous vane,noun,"[""a feather in one's cap"", 'feather', 'feathered', 'featherless', 'feathers']"
dogfishes,"any of various small sharks (as of the families Squalidae, Carcharhinidae, and Scyliorhinidae) that often appear in schools near shore, prey chiefly on fish and invertebrates, and are a valuable food source",noun,"['dogfish', 'dogfishes']"
feldshers,a medical or surgical practitioner without full professional qualifications or status in some east European countries and especially Russia,noun,"['feldsher', 'feldshers']"
varnisher,any of various liquid preparations that when spread and allowed to dry on a surface form a hard lustrous typically transparent coating and that include some used in dentistry to line deep cavities in order to protect the pulp of a tooth,noun,"['varnish', 'varnished', 'varnisher', 'varnishers', 'varnishes', 'varnishing', 'varnishy']"
aether,a medium that in the wave theory of light permeates all space and transmits transverse waves,noun,"['aether', 'aethers', 'diethyl ether', 'ether', 'etheric', 'ethers', 'ethyl ether', 'ethyl oxide']"
ether,a medium that in the wave theory of light permeates all space and transmits transverse waves,noun,"['aether', 'aethers', 'diethyl ether', 'ether', 'etheric', 'ethers', 'ethyl ether', 'ethyl oxide']"
ether,a volatile flammable petroleum distillate (as petroleum benzin),noun,"['petroleum ether', 'petroleum ethers']"
ether,a volatile flammable liquid unsaturated ether C4H6O formerly used as an inhalation anesthetic,noun,"['vinyl ether', 'vinyl ethers']"
fish oil,"a fatty oil that is obtained from oily fish (such as herring or menhaden), contains large amounts of unsaturated fatty acids, and is used as a dietary supplement and in making various products (such as protective coatings, cosmetics, and animal feed)",noun,"['fish oil', 'fish oils']"
fish oil,"a fatty oil from the livers of various fishes (as cod, halibut, or sharks) used chiefly as a source of vitamin A and formerly also of vitamin D",noun,"['fish-liver oil', 'fish-liver oils']"
Kocher,a strong forceps for controlling bleeding in surgery having serrated blades with interlocking teeth at the tips,noun,"['Kocher', ""Kocher's forceps""]"
monosome,a chromosome lacking a synaptic mate; especially : an unpaired X chromosome,noun,"['monosome', 'monosomes']"
microgamete,the smaller and usually male gamete of an organism producing two types of gametes,noun,"['microgamete', 'microgametes']"
microglial,"glia consisting of small cells with few processes that are scattered throughout the central nervous system, that are of mesodermal origin and are thought to be derived from fetal monocytes, and that have a phagocytic function as part of the mononuclear phagocyte system",noun,"['microglia', 'microglial', 'microglias']"
microglias,"glia consisting of small cells with few processes that are scattered throughout the central nervous system, that are of mesodermal origin and are thought to be derived from fetal monocytes, and that have a phagocytic function as part of the mononuclear phagocyte system",noun,"['microglia', 'microglial', 'microglias']"
microgametes,the smaller and usually male gamete of an organism producing two types of gametes,noun,"['microgamete', 'microgametes']"
micrograph,a graphic reproduction (as a photograph) of the image of an object formed by a microscope,noun,"['micrograph', 'micrographed', 'micrographing', 'micrographs']"
microsomal,any of various minute cellular structures (as a ribosome),noun,"['microsomal', 'microsome', 'microsomes']"
microbe,"microorganism, germ —used especially of pathogenic bacteria",noun,"['microbe', 'microbes', 'microbial', 'microbic']"
microglia,"glia consisting of small cells with few processes that are scattered throughout the central nervous system, that are of mesodermal origin and are thought to be derived from fetal monocytes, and that have a phagocytic function as part of the mononuclear phagocyte system",noun,"['microglia', 'microglial', 'microglias']"
microbes,"microorganism, germ —used especially of pathogenic bacteria",noun,"['microbe', 'microbes', 'microbial', 'microbic']"
microsome,any of various minute cellular structures (as a ribosome),noun,"['microsomal', 'microsome', 'microsomes']"
microbial,"microorganism, germ —used especially of pathogenic bacteria",noun,"['microbe', 'microbes', 'microbial', 'microbic']"
microzoa,microscopic animals and especially protozoans; also : microscopic animal life,noun plural,"['microzoa', 'microzoan']"
microzoan,microscopic animals and especially protozoans; also : microscopic animal life,noun plural,"['microzoa', 'microzoan']"
microbic,"microorganism, germ —used especially of pathogenic bacteria",noun,"['microbe', 'microbes', 'microbial', 'microbic']"
Gnathobdellida,an order or other taxon of leeches comprising those lacking a proboscis and having 2-toothed or 3-toothed chitinous jaws (as the medicinal leech and the land leeches),noun plural,"['Gnathobdellida', 'gnathobdellid']"
acrodynia,"a disease of infants and young children that is an allergic reaction to mercury, is characterized by dusky pink discoloration of hands and feet with local swelling and intense itching, and is accompanied by insomnia, irritability, and sensitivity to light —called also erythredema, pink disease, Swift's disease",noun,"[""Swift's disease"", 'acrodynia', 'acrodynias', 'acrodynic', 'erythredema', 'pink disease']"
allodynia,pain resulting from a stimulus (as a light touch of the skin) which would not normally provoke pain; also : a condition marked by allodynia,noun,['allodynia']
Gnathostoma,a genus (the type of the family Gnathostomatidae) of spiruroid nematodes comprising parasites living in tumors of the stomach wall of various Old World carnivorous mammals and occasionally invading the subcutaneous tissues of humans,noun,['Gnathostoma']
gnathobdellid,an order or other taxon of leeches comprising those lacking a proboscis and having 2-toothed or 3-toothed chitinous jaws (as the medicinal leech and the land leeches),noun plural,"['Gnathobdellida', 'gnathobdellid']"
acrodynias,"a disease of infants and young children that is an allergic reaction to mercury, is characterized by dusky pink discoloration of hands and feet with local swelling and intense itching, and is accompanied by insomnia, irritability, and sensitivity to light —called also erythredema, pink disease, Swift's disease",noun,"[""Swift's disease"", 'acrodynia', 'acrodynias', 'acrodynic', 'erythredema', 'pink disease']"
acrodynic,"a disease of infants and young children that is an allergic reaction to mercury, is characterized by dusky pink discoloration of hands and feet with local swelling and intense itching, and is accompanied by insomnia, irritability, and sensitivity to light —called also erythredema, pink disease, Swift's disease",noun,"[""Swift's disease"", 'acrodynia', 'acrodynias', 'acrodynic', 'erythredema', 'pink disease']"
agnathia,the congenital complete or partial absence of one or both jaws,noun,"['agnathia', 'agnathias']"
cathodic,the electrode of an electrochemical cell at which reduction occurs: as,noun,"['cathodal', 'cathodally', 'cathode', 'cathodes', 'cathodic', 'cathodically']"
gnathic,the anthropometric ratio of the distance from the nasion to the basion to that from the basion to the alveolar point multiplied by 100 —called also alveolar index,noun,"['alveolar index', 'gnathic index', 'gnathic indexes']"
gnathion,the midpoint of the lower border of the human mandible,noun,"['gnathion', 'gnathions']"
gnathions,the midpoint of the lower border of the human mandible,noun,"['gnathion', 'gnathions']"
pleurodynia,a sharp pain in the side usually located in the intercostal muscles and believed to arise from inflammation of fibrous tissue,noun,"['pleurodynia', 'pleurodynias']"
pleurodynia,"an acute epidemic form of pleurisy characterized by sudden onset with fever, headache, and acute diaphragmatic pain and caused by various Coxsackieviruses (especially serotypes of species Human enterovirus B) —called also Bornholm disease, devil's-grip",noun,"['Bornholm disease', ""devil's-grip"", 'epidemic pleurodynia', 'epidemic pleurodynias']"
acrocyanoses,"blueness or pallor of the extremities usually associated with pain and numbness and caused by vasomotor disturbances (as in Raynaud's disease); specifically : a disorder of the arterioles of the exposed parts of the hands and feet involving abnormal contraction of the arteriolar walls intensified by exposure to cold and resulting in bluish mottled skin, chilling, and sweating of the affected parts",noun,"['acrocyanoses', 'acrocyanosis', 'acrocyanotic']"
electrosynthesis,synthesis accomplished with the aid of electricity; especially : synthesis of an organic compound by electrolysis,noun,"['electrosyntheses', 'electrosynthesis', 'electrosynthetic', 'electrosynthetically']"
acrosomes,an anterior prolongation of a spermatozoon that releases egg-penetrating enzymes,noun,"['acrosomal', 'acrosome', 'acrosomes']"
psychosynthesis,a form of psychotherapy combining psychoanalytic techniques with meditation and exercise,noun,"['psychosyntheses', 'psychosynthesis']"
acrokeratosis,overgrowth of the horny outer layer of the stratum corneum chiefly of the hands and feet,noun,"['acrokeratoses', 'acrokeratosis', 'acrokeratosis paraneoplastica', 'acrokeratosis verruciformis']"
abiogenesis,the origin of life from nonliving matter; specifically : a theory in the evolution of early life on earth: organic molecules and subsequent simple life forms first originated from inorganic substances,noun,"['abiogeneses', 'abiogenesis', 'abiogenesises']"
acrocentric,having the centromere situated so that one chromosomal arm is much shorter than the other,adjective,"['acrocentric', 'acrocentrics']"
acrocentrics,having the centromere situated so that one chromosomal arm is much shorter than the other,adjective,"['acrocentric', 'acrocentrics']"
acrocyanotic,"blueness or pallor of the extremities usually associated with pain and numbness and caused by vasomotor disturbances (as in Raynaud's disease); specifically : a disorder of the arterioles of the exposed parts of the hands and feet involving abnormal contraction of the arteriolar walls intensified by exposure to cold and resulting in bluish mottled skin, chilling, and sweating of the affected parts",noun,"['acrocyanoses', 'acrocyanosis', 'acrocyanotic']"
androgenesis,development in which the embryo contains only paternal chromosomes due to failure of the egg nucleus to participate in fertilization,noun,"['androgeneses', 'androgenesis', 'androgenetic']"
acrogeria,"a rare congenital disorder that is chiefly characterized by thinning and wrinkling of the skin of the hands, feet, and often face giving the appearance of premature aging and that results from the loss of subcutaneous fat and collagen",noun,['acrogeria']
arthrodesis,the surgical immobilization of a joint so that the bones grow solidly together : artificial ankylosis,noun,"['arthrodeses', 'arthrodesis']"
cardiospasms,failure of the cardiac sphincter to relax during swallowing with resultant esophageal obstruction,noun,"['cardiospasm', 'cardiospasms', 'cardiospastic']"
cardiospasm,failure of the cardiac sphincter to relax during swallowing with resultant esophageal obstruction,noun,"['cardiospasm', 'cardiospasms', 'cardiospastic']"
cardioplasties,surgical repair of the gastric cardiac sphincter —called also esophagogastroplasty,noun,"['cardioplasties', 'cardioplasty', 'esophagogastroplasty']"
cardiospastic,failure of the cardiac sphincter to relax during swallowing with resultant esophageal obstruction,noun,"['cardiospasm', 'cardiospasms', 'cardiospastic']"
cardiographs,an instrument that registers graphically movements of the heart,noun,"['cardiograph', 'cardiographer', 'cardiographers', 'cardiographic', 'cardiographies', 'cardiographs', 'cardiography']"
cardiolipins,a phospholipid obtained especially from beef heart and used in combination with lecithin and cholesterol as an antigen in diagnostic blood tests for syphilis,noun,"['cardiolipin', 'cardiolipins']"
cardioplegia,temporary cardiac arrest induced (as by drugs) during heart surgery,noun,"['cardioplegia', 'cardioplegic']"
cardiograph,an instrument that registers graphically movements of the heart,noun,"['cardiograph', 'cardiographer', 'cardiographers', 'cardiographic', 'cardiographies', 'cardiographs', 'cardiography']"
cytases,"any of several enzymes found in the seeds of various plants (as cereals) that have the power of making soluble the material of cell walls by hydrolyzing mannan, galactan, xylan, and araban",noun,"['cytase', 'cytases']"
cytolysis,the usually pathological dissolution or disintegration of cells,noun,"['cytolyses', 'cytolysis', 'cytolytic']"
cytozoic,parasitic within a cell —used especially of protozoans,adjective,['cytozoic']
cytosines,a pyrimidine base C4H5N3O that codes genetic information in the polynucleotide chain of DNA or RNA,noun,"['cytosine', 'cytosines']"
cytosine,a pyrimidine base C4H5N3O that codes genetic information in the polynucleotide chain of DNA or RNA,noun,"['cytosine', 'cytosines']"
cytosine,a cytotoxic antineoplastic agent C9H13N3O5 that is a synthetic isomer of the naturally occurring nucleoside of cytosine and arabinose and is used especially in the treatment of acute myelogenous leukemia in adults —called also Ara-C,noun,"['Ara-C', 'cytosine arabinoside', 'cytosine arabinosides']"
cytosols,"the fluid portion of the cytoplasm exclusive of organelles and membranes —called also hyaloplasm, ground substance",noun,"['cytosol', 'cytosolic', 'cytosols', 'ground substance', 'hyaloplasm']"
cytosol,"the fluid portion of the cytoplasm exclusive of organelles and membranes —called also hyaloplasm, ground substance",noun,"['cytosol', 'cytosolic', 'cytosols', 'ground substance', 'hyaloplasm']"
cytolysins,a substance (as an antibody that lyses bacteria) producing cytolysis,noun,"['cytolysin', 'cytolysins']"
exocytosis,the release of cellular substances (as secretory products) contained in cell vesicles by fusion of the vesicular membrane with the plasma membrane and subsequent release of the contents to the exterior of the cell,noun,"['exocytoses', 'exocytosis', 'exocytotic']"
cytokines,"any of a class of immunoregulatory proteins (as interleukin, tumor necrosis factor, and interferon) that are secreted by cells especially of the immune system",noun,"['cytokine', 'cytokines']"
cytolyses,the usually pathological dissolution or disintegration of cells,noun,"['cytolyses', 'cytolysis', 'cytolytic']"
cytolysin,a substance (as an antibody that lyses bacteria) producing cytolysis,noun,"['cytolysin', 'cytolysins']"
cytosolic,"the fluid portion of the cytoplasm exclusive of organelles and membranes —called also hyaloplasm, ground substance",noun,"['cytosol', 'cytosolic', 'cytosols', 'ground substance', 'hyaloplasm']"
cytopempsis,transportation of a substance into a cell and through the cytoplasm in a vesicle followed by its release to the exterior without utilization by the cell,noun,['cytopempsis']
lacrimated,the secretion of tears; specifically : abnormal or excessive secretion of tears due to local or systemic disease,noun,"['lachrymate', 'lachrymation', 'lachrymations', 'lacrimate', 'lacrimated', 'lacrimating', 'lacrimation', 'lacrimations']"
ectethmoid,either of two lateral parts of the ethmoid bone that form part of the anterior wall of the orbit,noun,"['ectethmoid', 'ectethmoids']"
lacrimation,the secretion of tears; specifically : abnormal or excessive secretion of tears due to local or systemic disease,noun,"['lachrymate', 'lachrymation', 'lachrymations', 'lacrimate', 'lacrimated', 'lacrimating', 'lacrimation', 'lacrimations']"
lacrimations,the secretion of tears; specifically : abnormal or excessive secretion of tears due to local or systemic disease,noun,"['lachrymate', 'lachrymation', 'lachrymations', 'lacrimate', 'lacrimated', 'lacrimating', 'lacrimation', 'lacrimations']"
ectethmoids,either of two lateral parts of the ethmoid bone that form part of the anterior wall of the orbit,noun,"['ectethmoid', 'ectethmoids']"
lacrimal bone,a small thin bone making up part of the front inner wall of each orbit and providing a groove for the passage of the lacrimal ducts,noun,"['lacrimal bone', 'lacrimal bones']"
ethmoid,"of, relating to, adjoining, or being one or more bones of the walls and septum of the nasal cavity",adjective,"['ethmoid', 'ethmoidal']"
ethmoid,a light spongy cubical bone of the skull that is made up of thin plates and forms much of the walls of the nasal cavity and part of those of the orbits,noun,"['ethmoid bone', 'ethmoid bones']"
ethmoid,either of two sinuses each of which is situated in a lateral part of the ethmoid bone alongside the nose and consists of ethmoidal air cells,noun,"['ethmoid sinus', 'ethmoidal sinus']"
lacrimal gland,"an acinous gland that is about the size and shape of an almond, secretes tears, and is situated laterally and superiorly to the bulb of the eye in a shallow depression on the inner surface of the frontal bone —called also tear gland",noun,"['lacrimal gland', 'lacrimal glands', 'tear gland']"
licentiate,a person who has a license to practice a profession,noun,"['licentiate', 'licentiates']"
licentiates,a person who has a license to practice a profession,noun,"['licentiate', 'licentiates']"
ciliate,any of a phylum or subphylum (Ciliophora) of ciliated protozoans (such as paramecia),noun,"['ciliate', 'ciliates']"
lacrimate,the secretion of tears; specifically : abnormal or excessive secretion of tears due to local or systemic disease,noun,"['lachrymate', 'lachrymation', 'lachrymations', 'lacrimate', 'lacrimated', 'lacrimating', 'lacrimation', 'lacrimations']"
lactate,"any of a group of isoenzymes that catalyze reversibly the conversion of pyruvic acid to lactic acid, are found especially in the liver, kidneys, striated muscle, and the myocardium, and tend to accumulate in the body when these organs or tissues are diseased or injured —called also lactic dehydrogenase",noun,"['lactate dehydrogenase', 'lactate dehydrogenases', 'lactic dehydrogenase']"
lactate,a white almost tasteless crystalline salt C6H10CaO6·5H2O used chiefly in medicine as a source of calcium and in foods (as in baking powder),noun,"['calcium lactate', 'calcium lactates']"
lactate,a hygroscopic syrupy salt C3H5NaO3 used chiefly as an antacid in medicine and as a substitute for glycerol,noun,"['sodium lactate', 'sodium lactates']"
lactate,"a sterile aqueous solution that is similar to Ringer's solution but contains sodium lactate in addition to calcium chloride, sodium chloride, and potassium chloride —called also Hartmann's solution, Ringer's lactate, Ringer's lactate solution",noun,"[""Hartmann's solution"", ""Ringer's lactate"", ""Ringer's lactate solution"", 'S. Ringer', ""lactated Ringer's"", ""lactated Ringer's solution""]"
lixiviate,to extract a soluble constituent from (a solid mixture) by washing or percolation,transitive verb,"['lixiviate', 'lixiviated', 'lixiviates', 'lixiviating', 'lixiviation', 'lixiviations']"
lachrymate,the secretion of tears; specifically : abnormal or excessive secretion of tears due to local or systemic disease,noun,"['lachrymate', 'lachrymation', 'lachrymations', 'lacrimate', 'lacrimated', 'lacrimating', 'lacrimation', 'lacrimations']"
ammoniate,to combine or impregnate with ammonia or an ammonium compound,transitive verb,"['ammoniate', 'ammoniated', 'ammoniates', 'ammoniating', 'ammoniation', 'ammoniations']"
herniate,to protrude through an abnormal body opening : rupture,intransitive verb,"['herniate', 'herniated', 'herniates', 'herniating', 'herniation', 'herniations']"
lacrimale,the point where the posterior edge of the lacrimal bone intersects the suture between the frontal bone and the lacrimal bone,noun,"['lacrimale', 'lacrimales']"
lactase,an enzyme that hydrolyzes especially lactose to glucose and galactose and occurs especially in the intestines of young mammals and in yeasts,noun,"['lactase', 'lactases']"
Christian,an inflammatory histiocytosis associated with disturbances in cholesterol metabolism that occurs chiefly in young children and is marked by cystic defects of the skull and by exophthalmos and diabetes insipidus —called also Schüller-Christian disease,noun,"['Christian', 'Hand', 'Hand-Schuller-Christian disease', 'Schuller', 'Schuller-Christian disease']"
chromatic,"of, relating to, or characterized by color or color phenomena or sensations",adjective,"['chromatic', 'chromatically', 'chromaticism', 'chromaticisms']"
chromatic,aberration caused by differences in the refraction of light at different frequencies,noun,"['chromatic aberration', 'chromatic aberrations']"
chromatic,normal color vision in which the colors of the spectrum are distinguished and evaluated,noun,"['chromatic vision', 'chromatic visions']"
crest,a showy tuft or process on the head of an animal and especially a bird,noun,"['crest', 'crestal', 'crestless', 'crests']"
crest,a median ridge on the internal surface of the vertical part of the human frontal bone,noun,"['frontal crest', 'frontal crests']"
crest,a transverse ridge on the outer surface of the greater wing of the sphenoid bone that divides it into a superior portion that contributes to the formation of the temporal fossa and an inferior portion that contributes to the formation of the infratemporal fossa,noun,['infratemporal crest']
crest,the ridge of one of the folds forming the neural tube that gives rise to the spinal ganglia and various structures of the autonomic nervous system —called also neural ridge,noun,"['neural crest', 'neural crests', 'neural ridge']"
dereistic,thinking directed away from reality and not following ordinary rules of logic,noun,"['dereism', 'dereisms', 'dereistic', 'dereistically']"
crestal,a showy tuft or process on the head of an animal and especially a bird,noun,"['crest', 'crestal', 'crestless', 'crests']"
amnestic,"shellfish poisoning that is characterized by gastrointestinal and neurological symptoms (such as vomiting, abdominal cramps, headache, and permanent short-term memory loss) and sometimes death and is caused by domoic acid ingested in contaminated shellfish",noun,"['amnesic shellfish poisoning', 'amnestic shellfish poisoning']"
crests,a showy tuft or process on the head of an animal and especially a bird,noun,"['crest', 'crestal', 'crestless', 'crests']"
crests,a median ridge on the internal surface of the vertical part of the human frontal bone,noun,"['frontal crest', 'frontal crests']"
crests,the ridge of one of the folds forming the neural tube that gives rise to the spinal ganglia and various structures of the autonomic nervous system —called also neural ridge,noun,"['neural crest', 'neural crests', 'neural ridge']"
crests,either of the two ridges on the occipital bone connecting the occipital protuberances and foramen magnum:,noun,"['external occipital crest', 'internal occipital crest', 'median nuchal line', 'occipital crest', 'occipital crests']"
crests,the border of a pubis between its pubic tubercle and the pubic symphysis,noun,"['pubic crest', 'pubic crests']"
crests,any of several crests or tubercles on the sacrum: as,noun,"['lateral crest', 'lateral crests', 'lateral sacral crest', 'lateral sacral crests', 'median sacral crest', 'median sacral crests', 'sacral crest', 'sacral crests']"
crests,an elevated bony ridge along the sagittal suture of many mammalian skulls including those of some extinct hominids,noun,"['sagittal crest', 'sagittal crests']"
caustic,capable of destroying or eating away organic tissue and especially animal tissue by chemical action,adjective,"['caustic', 'caustically', 'causticities', 'causticity']"
caustic,silver nitrate especially when fused and molded into sticks or small cones for use as a caustic,noun,"['lunar caustic', 'lunar caustics']"
caustic,a white deliquescent solid KOH that dissolves in water with much heat to form a strongly alkaline liquid and that is used as a powerful caustic and in the making of pharmaceuticals —called also caustic potash,noun,"['caustic potash', 'potassium hydroxide', 'potassium hydroxides']"
caustic,a white brittle deliquescent solid NaOH that dissolves readily in water to form a strongly alkaline and caustic solution and that is used in pharmacy as an alkalizing agent —called also caustic soda,noun,"['caustic soda', 'sodium hydroxide', 'sodium hydroxides']"
characteristic,serving to reveal and distinguish the individual character,adjective,"['characteristic', 'characteristically']"
characteristic,"a physical characteristic (as the breasts of a female mammal or the nuptial plumage of a male bird) that appears in members of one sex at puberty or in seasonal breeders at the breeding season and is not directly concerned with reproduction —called also secondary sex character, secondary sexual characteristic",noun,"['secondary sex character', 'secondary sex characteristic', 'secondary sex characteristics', 'secondary sexual characteristic']"
clastic,capable of being taken apart —used of anatomical models made of detachable pieces,adjective,"['clastic', 'clastics']"
Christmas,a European hellebore of the genus Helleborus (H. niger) having white or purplish roselike flowers produced in winter and a highly purgative root —called also Christmas rose,noun,"['Christmas rose', 'black hellebore', 'black hellebores']"
Christmas,"a clotting factor that activates factor VIII and whose absence is associated with hemophilia B —called also autoprothrombin II, Christmas factor",noun,"['Christmas factor', 'autoprothrombin II', 'factor IX']"
Christmas,a mild to severe hemophilia that is caused by a deficiency of factor IX in the blood —called also Christmas disease,noun,"['Christmas disease', 'hemophilia B']"
cystic,the duct from the gallbladder that unites with the hepatic duct to form the common bile duct,noun,"['cystic duct', 'cystic ducts']"
cystic,"a common, progressive, hereditary disease of exocrine gland function that typically appears in infancy or early childhood and is marked by the accumulation of thick, sticky mucus in the ducts and passages of various organs and especially those of the lungs and pancreas resulting in shortness of breath, persistent cough, chronic respiratory infection, pancreatic enzyme insufficiency, faulty digestion, malnutrition, and poor growth —called also fibrocystic disease of the pancreas, mucoviscidosis—abbreviation CF",noun,"['cystic fibroses', 'cystic fibrosis']"
cystic,a progressive familial kidney disease that is characterized by renal medullary cysts and that manifests itself in anemia and uremia,noun,['medullary cystic disease']
drastic,acting rapidly or violently —used chiefly of purgatives,adjective,"['drastic', 'drastically']"
drastic,a powerful medicinal agent; especially : a strong purgative,noun,"['drastic', 'drastics']"
characteristics,"a physical characteristic (as the breasts of a female mammal or the nuptial plumage of a male bird) that appears in members of one sex at puberty or in seasonal breeders at the breeding season and is not directly concerned with reproduction —called also secondary sex character, secondary sexual characteristic",noun,"['secondary sex character', 'secondary sex characteristic', 'secondary sex characteristics', 'secondary sexual characteristic']"
meristic,"of, relating to, or divided into segments (as metameres)",adjective,"['meristic', 'meristically']"
Cori ester,an ester C6H13O9P that reacts in the presence of a phosphorylase with aldoses and ketoses to yield disaccharides or with itself in liver and muscle to yield glycogen and phosphoric acid —called also Cori ester,noun,"['Cori ester', 'glucose-1-phosphate', 'glucose-1-phosphates']"
apneustic,"relating to, concerned with, or exhibiting apneusis",adjective,['apneustic']
typhus,any of various bacterial diseases caused by rickettsial bacteria: as,noun,"['louse-borne typhus', 'typhus', 'typhuses']"
typhus,"a tick-borne rickettsial disease that occurs especially in Kenya and is apparently identical with boutonneuse fever —called also Kenya fever, Kenya tick typhus",noun,"['Kenya fever', 'Kenya tick typhus', 'Kenya typhus']"
typhus,"a mild febrile disease that is marked by headache and rash, is caused by a bacterium of the genus Rickettsia (R. typhi), is widespread in nature in rodents, and is transmitted to humans by a flea —called also endemic typhus",noun,"['endemic typhus', 'murine typhus', 'murine typhuses']"
typhus,"an acute febrile disease that is caused by a rickettsial bacterium (Orientia tsutsugamushi synonym Rickettsia tsutsugamushi) transmitted by mite larvae, resembles louse-borne typhus, and is widespread in the western Pacific area —called also tsutsugamushi, tsutsugamushi disease",noun,"['scrub typhus', 'scrub typhuses', 'tsutsugamushi', 'tsutsugamushi disease']"
typology,"study of or study based on types; especially : classification (as of personality, human physique, or bacterial strains) based on the comparative study of types",noun,"['typological', 'typologically', 'typologies', 'typologist', 'typologists', 'typology']"
typhoid,"a communicable disease marked by fever, diarrhea, prostration, headache, splenomegaly, eruption of rose-colored spots, leukopenia, and intestinal inflammation and caused by a bacterium of the genus Salmonella (S. typhi)",noun,"['typhoid', 'typhoid fever', 'typhoid fevers']"
typhoid,"an infectious disease of poultry characterized by diarrhea, anemia, and prostration and caused by a bacterium of the genus Salmonella (S. gallinarum)",noun,"['fowl typhoid', 'fowl typhoids']"
typhoid,"an acute usually fatal epizootic disease especially of cats that is caused by a single-stranded RNA virus of the genus Parvovirus (species Feline panleukopenia virus) and is characterized by fever, diarrhea, and dehydration and by extensive destruction of white blood cells —called also cat distemper, cat fever, cat plague, cat typhoid, feline distemper, feline enteritis, feline panleukopenia",noun,"['cat distemper', 'cat fever', 'cat plague', 'cat typhoid', 'feline distemper', 'feline enteritis', 'feline panleukopenia', 'panleucopenia', 'panleucopenias', 'panleukopenia', 'panleukopenias']"
hypha,"one of the threads that make up the mycelium of a fungus, increase by apical growth, and are coenocytic or transversely septate",noun,"['hypha', 'hyphae', 'hyphal']"
hyphae,"one of the threads that make up the mycelium of a fungus, increase by apical growth, and are coenocytic or transversely septate",noun,"['hypha', 'hyphae', 'hyphal']"
hyphal,"one of the threads that make up the mycelium of a fungus, increase by apical growth, and are coenocytic or transversely septate",noun,"['hypha', 'hyphae', 'hyphal']"
Syphilus,"a chronic contagious usually venereal and often congenital disease that is caused by a spirochete of the genus Treponema (T. pallidum) and if left untreated produces chancres, rashes, and systemic lesions in a clinical course with three stages continued over many years —called also lues",noun,"['Syphilus', 'lues', 'syphilis', 'syphilises', 'syphilitic', 'syphilitics']"
type A,"relating to, characteristic of, having, or being a personality that is marked by impatience, aggressiveness, and competitiveness and that has been implicated by some studies as a factor increasing the risk of cardiovascular disease",adjective,['type A']
type A,a dilute solution of purified botulinum toxin that is used by injection for medical and cosmetic purposes (as to treat muscle spasms and migraines and to minimize wrinkles),noun,"['botulinum toxin A', 'botulinum toxin type A']"
type B,"relating to, characteristic of, having, or being a personality that is marked by a lack of excessive aggressiveness and tension and that has been implicated by some studies as a factor reducing the risk of cardiovascular disease",adjective,['type B']
typed,to determine the type of (as a sample of blood or a culture of bacteria),transitive verb,"['type', 'typed', 'typing']"
types,a lower taxonomic category selected as a standard of reference for a higher category; also : a specimen or series of specimens on which a taxonomic species or subspecies is actually based,noun,"['type', 'types']"
types,a strain or clone or other isolate made up of organisms (as certain fungi or protozoans) incapable of sexual reproduction with one another but capable of such reproduction with members of other strains of the same organism and often capable of behaving as male in respect to one strain and as female in respect to another,noun,"['mating type', 'mating types']"
types,a set of strains of a bacterium susceptible to the same bacteriophages,noun,"['phage type', 'phage types']"
types,"a phenotype, genotype, or gene that predominates in a natural population of organisms or strain of organisms in contrast to that of natural or laboratory mutant forms; also : an organism or strain displaying the wild type",noun,"['wild type', 'wild types', 'wild-type']"
typhoids,"an infectious disease of poultry characterized by diarrhea, anemia, and prostration and caused by a bacterium of the genus Salmonella (S. gallinarum)",noun,"['fowl typhoid', 'fowl typhoids']"
typhuses,any of various bacterial diseases caused by rickettsial bacteria: as,noun,"['louse-borne typhus', 'typhus', 'typhuses']"
typhuses,"a mild febrile disease that is marked by headache and rash, is caused by a bacterium of the genus Rickettsia (R. typhi), is widespread in nature in rodents, and is transmitted to humans by a flea —called also endemic typhus",noun,"['endemic typhus', 'murine typhus', 'murine typhuses']"
typhuses,"an acute febrile disease that is caused by a rickettsial bacterium (Orientia tsutsugamushi synonym Rickettsia tsutsugamushi) transmitted by mite larvae, resembles louse-borne typhus, and is widespread in the western Pacific area —called also tsutsugamushi, tsutsugamushi disease",noun,"['scrub typhus', 'scrub typhuses', 'tsutsugamushi', 'tsutsugamushi disease']"
typhuses,any of various tick-borne rickettsial spotted fevers (as Rocky Mountain spotted fever or boutonneuse fever),noun,"['tick typhus', 'tick typhuses']"
typing,to determine the type of (as a sample of blood or a culture of bacteria),transitive verb,"['type', 'typed', 'typing']"
typing,the action or process of determining an individual's blood group —called also blood grouping,noun,"['blood grouping', 'blood typing']"
typing,the determination of the degree of compatibility of tissues or organs from different individuals based on the similarity of histocompatibility antigens especially on lymphocytes and used especially as a measure of potential rejection in an organ transplant procedure,noun,"['tissue typing', 'tissue typings']"
typing,"a technique used especially for identification (as for forensic purposes) by extracting and identifying the base-pair pattern of an individual's DNA —called also DNA typing, genetic fingerprinting",noun,"['DNA fingerprint', 'DNA fingerprinting', 'DNA fingerprintings', 'DNA typing', 'genetic fingerprinting']"
typologies,"study of or study based on types; especially : classification (as of personality, human physique, or bacterial strains) based on the comparative study of types",noun,"['typological', 'typologically', 'typologies', 'typologist', 'typologists', 'typology']"
typologist,"study of or study based on types; especially : classification (as of personality, human physique, or bacterial strains) based on the comparative study of types",noun,"['typological', 'typologically', 'typologies', 'typologist', 'typologists', 'typology']"
actinon,a gaseous radioactive isotope of radon that has a half-life of about four seconds,noun,"['actinon', 'actinons']"
actin,"a protein found especially in microfilaments (as those comprising myofibrils) and active in muscular contraction, cellular movement, and maintenance of cell shape",noun,"['actin', 'actins']"
actin,a fibrous actin polymerized in the form of a double helix that is produced in the presence of a metal cation (as of calcium) and ATP,noun,['F-actin']
actin,a globular monomeric form of actin produced in solutions of low ionic concentration,noun,['G-actin']
acting,birth control (such as IUDs or contraceptive implants) that is usually inserted into and left in the body for an extended period of time (as for several years),noun,['long-acting reversible contraception']
acting,a form of birth control (such as an IUD or contraceptive implant) that is usually inserted into and left in the body for an extended period of time (as for several years) : larc,noun,"['long-acting reversible contraceptive', 'long-acting reversible contraceptives']"
acting,an IgG antibody that often occurs in the plasma of patients with Graves' disease —abbreviation LATS,noun,['long-acting thyroid stimulator']
acting,to express (as an impulse or a fantasy) directly in overt behavior without modification to comply with social norms,transitive verb,"['act out', 'acted out', 'acting out', 'acts out']"
actins,"a protein found especially in microfilaments (as those comprising myofibrils) and active in muscular contraction, cellular movement, and maintenance of cell shape",noun,"['actin', 'actins']"
actinons,a gaseous radioactive isotope of radon that has a half-life of about four seconds,noun,"['actinon', 'actinons']"
actinic,"of, relating to, resulting from, or exhibiting chemical changes produced by radiant energy especially in the visible and ultraviolet parts of the spectrum",adjective,"['actinic', 'actinically']"
actinic,"a rough, scaly, pink or white growth that occurs on the surface of the skin in areas (such as the face, neck, and back of the hands) frequently exposed to sunlight and that may develop into squamous cell carcinoma",noun,['actinic keratosis']
actinic,radiation (as in the violet and ultraviolet parts of the spectrum) having marked photochemical action,noun plural,['actinic rays']
acetins,any of three liquid acetates formed when glycerol and acetic acid are heated together:,noun,"['acetin', 'acetins', 'diacetin', 'monoacetin', 'triacetin']"
actions,the process of exerting a force or bringing about an effect that results from the inherent capacity of an agent,noun,"['action', 'actions']"
actions,the effect of ingestion and assimilation of food and especially of protein in increasing the production of heat in the body —abbreviation SDA,noun,"['specific dynamic action', 'specific dynamic actions']"
acetin,any of three liquid acetates formed when glycerol and acetic acid are heated together:,noun,"['acetin', 'acetins', 'diacetin', 'monoacetin', 'triacetin']"
action,the process of exerting a force or bringing about an effect that results from the inherent capacity of an agent,noun,"['action', 'actions']"
action,a momentary reversal in the potential difference across a plasma membrane (as of a nerve cell or muscle fiber) that occurs when a cell has been activated by a stimulus —called also spike potential,noun,"['action potential', 'action potentials', 'spike potential']"
action,a statement in chemistry: the rate of a chemical reaction is directly proportional to the molecular concentrations of the reacting substances,noun,['law of mass action']
action,the effect of ingestion and assimilation of food and especially of protein in increasing the production of heat in the body —abbreviation SDA,noun,"['specific dynamic action', 'specific dynamic actions']"
active,capable of acting or reacting especially in some specific way,adjective,"['active', 'actively', 'activeness', 'activenesses', 'actives']"
active,usually long-lasting immunity that is acquired through production of antibodies within the organism in response to the presence of antigens,noun,"['active immunities', 'active immunity']"
active,a substance used in controlled experiments (such as a double-blind study of a drug) that has no therapeutic effect on the condition being treated but may produce side effects (such as drowsiness or nausea) similar to those of the substance whose effectiveness is being tested,noun,['active placebo']
active,a region especially of a biologically active protein (as an enzyme) where catalytic activity takes place and whose shape permits the binding only of a specific reactant molecule,noun,"['active site', 'active sites']"
active,movement of a chemical substance by the expenditure of energy against a gradient in concentration or electrical potential across a plasma membrane,noun,"['active transport', 'active transports']"
active,a specialized area on the presynaptic membrane of a nerve cell where synaptic vesicles cluster and are released into the synaptic cleft,noun,['active zone']
active,the use of a combination of antiretroviral drugs in the treatment of HIV infection —called also HAART,noun,"['HAART', 'highly active antiretroviral therapy']"
active,"capable of rotating the plane of vibration of polarized light to the right or left : either dextrorotatory or levorotatory —used of compounds, molecules, or atoms",adjective,['optically active']
active,altering the properties and especially lowering the tension at the surface of contact between phases,adjective,['surface-active']
actinium,a radioactive trivalent metallic element that resembles lanthanum in chemical properties and that is found especially in pitchblende —symbol Ac,noun,"['actinium', 'actiniums']"
reacting,slow-reacting substance of anaphylaxis —abbreviation SRS,noun,['slow-reacting substance']
reacting,a mixture of three leukotrienes produced in anaphylaxis that causes contraction of smooth muscle after minutes in contrast to histamine which acts in seconds and that is probably responsible for the bronchoconstriction occurring in anaphylaxis —abbreviation SRS-A,noun,['slow-reacting substance of anaphylaxis']
reacting,a self-sustaining chemical or nuclear reaction yielding energy or products that cause further reactions of the same kind,noun,"['chain reaction', 'chain reactions', 'chain-react', 'chain-reacted', 'chain-reacting', 'chain-reacts']"
reacting,reaction of one antigen with antibodies developed against another antigen,noun,"['cross-react', 'cross-reacted', 'cross-reacting', 'cross-reaction', 'cross-reactions', 'cross-reactive', 'cross-reactivities', 'cross-reactivity', 'cross-reacts']"
acting out,to express (as an impulse or a fantasy) directly in overt behavior without modification to comply with social norms,transitive verb,"['act out', 'acted out', 'acting out', 'acts out']"
actinology,a science that deals with actinism and photochemical effects,noun,"['actinologies', 'actinology']"
Actonel,—used for a preparation of the sodium salt of risedronate,trademark,['Actonel']
actives,capable of acting or reacting especially in some specific way,adjective,"['active', 'actively', 'activeness', 'activenesses', 'actives']"
activin,"a glycoprotein hormone produced especially in the pituitary gland and gonads that stimulates the secretion of follicle-stimulating hormone, induces the formation of mesoderm during embryological development, and modulates the proliferation and differentiation of red-blood-cell precursors during hematopoiesis",noun,['activin']
heptachlor,a persistent cyclodiene chlorinated hydrocarbon pesticide C10H5Cl7 that causes liver disease in animals and is a suspected human carcinogen,noun,"['heptachlor', 'heptachlors']"
hyperchromic,an anemia with increase of hemoglobin in individual red blood cells and reduction in the number of red blood cells,noun,"['hyperchromic anemia', 'hyperchromic anemias']"
heptachlors,a persistent cyclodiene chlorinated hydrocarbon pesticide C10H5Cl7 that causes liver disease in animals and is a suspected human carcinogen,noun,"['heptachlor', 'heptachlors']"
hypochromic,an anemia marked by deficient hemoglobin and usually microcytic red blood cells and associated with lack of available iron,noun,"['hypochromic anemia', 'hypochromic anemias']"
hypsochromic,"of, relating to, causing, or characterized by a visible lightening of color or a shift to spectral colors of shorter wavelength",adjective,"['hypsochrome', 'hypsochromic']"
metachromatic,staining or characterized by staining in a different color or shade from what is typical,adjective,"['metachromatic', 'metachromatically']"
metachromatic,a genetic neurodegenerative disorder that is inherited as an autosomal recessive trait and is marked by the accumulation of sulfatides resulting in the loss of myelin in the central nervous system and leading to progressive deterioration of cognitive and motor functioning,noun,['metachromatic leukodystrophy']
hepaticostomies,an operation to provide an artificial opening into the hepatic duct,noun,"['hepaticostomies', 'hepaticostomy']"
achromic,loss or absence of normal pigmentation (as of the skin) : hypopigmentation; especially : albinism,noun,"['achroma', 'achromas', 'achromia', 'achromias', 'achromic']"
hepatic,"of, relating to, affecting, or associated with the liver",adjective,['hepatic']
hepatic,the branch of the celiac artery that supplies the liver with arterial blood,noun,"['hepatic arteries', 'hepatic artery']"
hepatic,a duct conveying the bile away from the liver and in many vertebrates including humans uniting with the cystic duct to form the common bile duct,noun,"['hepatic duct', 'hepatic ducts']"
hepatic,the right-angle bend in the colon on the right side of the body near the liver that marks the junction of the ascending colon and the transverse colon —called also right colic flexure,noun,"['hepatic flexure', 'right colic flexure']"
hepatic,"a group of veins that carry blood from the capillaries of the stomach, intestine, spleen, and pancreas to the sinusoids of the liver",noun,['hepatic portal system']
hepatic,a portal vein carrying blood from the digestive organs and spleen to the liver where the nutrients carried by the blood are altered by hepatocytes before passing into the systemic circulation,noun,['hepatic portal vein']
hepatic,any of the veins that carry the blood received from the hepatic artery and from the hepatic portal vein away from the liver and that in humans are usually three in number and open into the inferior vena cava,noun,"['hepatic vein', 'hepatic veins']"
hepatic,"any of the polygonal epithelial parenchymatous cells of the liver that secrete bile —called also hepatic cell, liver cell",noun,"['hepatic cell', 'hepatocyte', 'hepatocytes', 'liver cell']"
metachrosis,the power of some animals (as many fishes and reptiles) to change color voluntarily by the expansion of special pigment cells,noun,"['metachroses', 'metachrosis']"
photochromic,capable of changing color on exposure to radiant energy (as light),adjective,"['photochromic', 'photochromism', 'photochromisms']"
hemochromatosis,"a hereditary disorder of metabolism that involves the deposition of iron-containing pigments in the tissues, is characterized especially by joint or abdominal pain, weakness, and fatigue, may lead to bronzing of the skin, arthritis, diabetes, cirrhosis, or heart disease if untreated, and typically affects men more often than women",noun,"['haemochromatosis', 'haemochromatotic', 'hemochromatoses', 'hemochromatosis', 'hemochromatotic']"
haemochromatosis,"a hereditary disorder of metabolism that involves the deposition of iron-containing pigments in the tissues, is characterized especially by joint or abdominal pain, weakness, and fatigue, may lead to bronzing of the skin, arthritis, diabetes, cirrhosis, or heart disease if untreated, and typically affects men more often than women",noun,"['haemochromatosis', 'haemochromatotic', 'hemochromatoses', 'hemochromatosis', 'hemochromatotic']"
hematocrits,an instrument for determining usually by centrifugation the relative amounts of plasma and corpuscles in blood,noun,"['haematocrit', 'hematocrit', 'hematocrits', 'packed cell volume']"
hemochromatoses,"a hereditary disorder of metabolism that involves the deposition of iron-containing pigments in the tissues, is characterized especially by joint or abdominal pain, weakness, and fatigue, may lead to bronzing of the skin, arthritis, diabetes, cirrhosis, or heart disease if untreated, and typically affects men more often than women",noun,"['haemochromatosis', 'haemochromatotic', 'hemochromatoses', 'hemochromatosis', 'hemochromatotic']"
hemochromatotic,"a hereditary disorder of metabolism that involves the deposition of iron-containing pigments in the tissues, is characterized especially by joint or abdominal pain, weakness, and fatigue, may lead to bronzing of the skin, arthritis, diabetes, cirrhosis, or heart disease if untreated, and typically affects men more often than women",noun,"['haemochromatosis', 'haemochromatotic', 'hemochromatoses', 'hemochromatosis', 'hemochromatotic']"
haemochromatotic,"a hereditary disorder of metabolism that involves the deposition of iron-containing pigments in the tissues, is characterized especially by joint or abdominal pain, weakness, and fatigue, may lead to bronzing of the skin, arthritis, diabetes, cirrhosis, or heart disease if untreated, and typically affects men more often than women",noun,"['haemochromatosis', 'haemochromatotic', 'hemochromatoses', 'hemochromatosis', 'hemochromatotic']"
hematochyluria,the simultaneous presence of blood and chyle in the urine,noun,"['haematochyluria', 'hematochyluria']"
hemangiomatosis,a condition in which hemangiomas are present in several parts of the body,noun,"['haemangiomatosis', 'hemangiomatoses', 'hemangiomatosis']"
hematocrit,an instrument for determining usually by centrifugation the relative amounts of plasma and corpuscles in blood,noun,"['haematocrit', 'hematocrit', 'hematocrits', 'packed cell volume']"
atheromatosis,a disease characterized by atheromatous degeneration of the arteries,noun,"['atheromatoses', 'atheromatosis']"
chromatosis,pigmentation; specifically : deposit of pigment in a normally unpigmented area or excessive pigmentation in a normally pigmented site,noun,"['chromatoses', 'chromatosis']"
haemangiomatosis,a condition in which hemangiomas are present in several parts of the body,noun,"['haemangiomatosis', 'hemangiomatoses', 'hemangiomatosis']"
hemangiomatoses,a condition in which hemangiomas are present in several parts of the body,noun,"['haemangiomatosis', 'hemangiomatoses', 'hemangiomatosis']"
gelatinisation,the process of converting into a gelatinous form or into a jelly,noun,"['gelatinisation', 'gelatinise', 'gelatinised', 'gelatinising', 'gelatinization', 'gelatinizations', 'gelatinize', 'gelatinized', 'gelatinizes', 'gelatinizing']"
gelatinization,the process of converting into a gelatinous form or into a jelly,noun,"['gelatinisation', 'gelatinise', 'gelatinised', 'gelatinising', 'gelatinization', 'gelatinizations', 'gelatinize', 'gelatinized', 'gelatinizes', 'gelatinizing']"
epiphysiolysis,abnormal separation of an epiphysis from the bone shaft,noun,"['epiphysiolyses', 'epiphysiolysis']"
epithelioid,"a bacterial disease especially of the skin, subcutaneous tissue, and mucous membranes that occurs in immunocompromised individuals (such as those infected with HIV), is characterized chiefly by red or purplish elevated lesions or scaly nodules, may spread to involve bone and internal organs (such as the liver or spleen) with symptoms including fever, malaise, nausea, and abdominal pain, and is caused by either of two bacteria of the genus Bartonella (B. henselae and B. quintana) —called also epithelioid angiomatosis",noun,"['bacillary angiomatosis', 'epithelioid angiomatosis']"
epitheliomas,a benign or malignant tumor derived from epithelial tissue,noun,"['epithelioma', 'epitheliomas', 'epitheliomata', 'epitheliomatous']"
epithelialisation,the process of becoming covered with or converted to epithelium,noun,"['epithelialisation', 'epithelialisations', 'epithelialization', 'epithelializations', 'epithelisation', 'epithelisations', 'epithelization', 'epithelizations']"
epithelialisations,the process of becoming covered with or converted to epithelium,noun,"['epithelialisation', 'epithelialisations', 'epithelialization', 'epithelializations', 'epithelisation', 'epithelisations', 'epithelization', 'epithelizations']"
epithelialization,the process of becoming covered with or converted to epithelium,noun,"['epithelialisation', 'epithelialisations', 'epithelialization', 'epithelializations', 'epithelisation', 'epithelisations', 'epithelization', 'epithelizations']"
epidermolysis,a state of detachment or loosening of the epidermis,noun,"['epidermolyses', 'epidermolysis']"
epidermolysis,any of a group of inherited disorders of variable severity marked especially by the formation of large fluid-filled blisters which develop chiefly in response to minor mechanical trauma,noun,['epidermolysis bullosa']
epidermolysis,an autoimmune skin disorder similar to epidermolysis bullosa that occurs in adults and is usually associated with another disorder (as Crohn's disease or diabetes),noun,['epidermolysis bullosa acquisita']
epidermolysis,any of several forms of epidermolysis bullosa that are marked by blister formation within the epidermis sometimes accompanied by thickening of the skin but usually no scarring and that are chiefly inherited as an autosomal dominant trait,noun,['epidermolysis bullosa simplex']
epidermolysis,any of several forms of epidermolysis bullosa that are marked especially by blister formation between the basement membrane and lamina propria often accompanied by scarring and sometimes involvement of the mucous membranes (as of the mouth or esophagus) and that are inherited as an autosomal dominant or recessive trait,noun,['dystrophic epidermolysis bullosa']
epidermolysis,any of several forms of epidermolysis bullosa that are marked especially by usually severe blister formation between the epidermis and basement membrane often accompanied by involvement of the mucous membranes (as of the mouth or esophagus) and that are inherited as an autosomal recessive trait,noun,['junctional epidermolysis bullosa']
epiphysiolyses,abnormal separation of an epiphysis from the bone shaft,noun,"['epiphysiolyses', 'epiphysiolysis']"
epithelioma,a benign or malignant tumor derived from epithelial tissue,noun,"['epithelioma', 'epitheliomas', 'epitheliomata', 'epitheliomatous']"
cyclohexane,a pungent saturated cyclic hydrocarbon C6H12 found in petroleum or made synthetically and used chiefly as a solvent and in organic synthesis,noun,"['cyclohexane', 'cyclohexanes']"
cyclohexanes,a pungent saturated cyclic hydrocarbon C6H12 found in petroleum or made synthetically and used chiefly as a solvent and in organic synthesis,noun,"['cyclohexane', 'cyclohexanes']"
paramastoid,situated beside or adjacent to the mastoid process,adjective,['paramastoid']
parietomastoid,of or relating to the parietal bone and the mastoid portion of the temporal bone,adjective,['parietomastoid']
bimastoid,"of, relating to, or joining the two mastoid processes",adjective,['bimastoid']
chromatoid,resembling chromatin especially in affinity for stains,adjective,['chromatoid']
extramastoid,situated on or affecting the outer surface of the mastoid bone,adjective,['extramastoid']
mastoid,"of, relating to, or being the mastoid process; also : occurring in the region of the mastoid process",adjective,['mastoid']
mastoid,one of the small cavities in the mastoid process that develop after birth and are filled with air —called also mastoid air cell,noun,"['mastoid air cell', 'mastoid cell', 'mastoid cells']"
mastoid,the process of the temporal bone behind the ear that is well developed and of somewhat conical form in adults but inconspicuous in children,noun,['mastoid process']
mastoid,a large air-containing cavity in the mastoid process communicating with the tympanum and often being the location of dangerous inflammation —called also mastoid antrum,noun,"['mastoid antrum', 'tympanic antrum', 'tympanic antrums']"
squamous,a carcinoma that is made up of or arises from squamous cells and usually occurs in areas of the body exposed to strong sunlight over a period of many years,noun,"['squamous cell carcinoma', 'squamous-cell carcinoma']"
trachelomastoid,"a long slender muscle between the longissimus cervicis and the semispinalis capitis that arises by tendons from the upper thoracic and lower cervical vertebrae, is inserted into the posterior margin of the mastoid process, and extends the head and bends and rotates it to one side —called also trachelomastoid muscle",noun,"['longissimus capitis', 'trachelomastoid muscle']"
agent,something that produces or is capable of producing an effect,noun,"['agent', 'agents']"
agent,"an herbicide widely used as a defoliant in the Vietnam War that is composed of 2,4-D and 2,4,5-T and contains dioxin as a contaminant",noun,['Agent Orange']
agent,a substance that causes replacement of hydrogen by an alkyl group especially in a biologically important molecule; specifically : one with mutagenic activity that inhibits cell division and growth and is used to treat some cancers,noun,"['alkylating agent', 'alkylating agents']"
agent,a vesicant used as a chemical weapon in gaseous or liquid form,noun,['blister agent']
agent,any substance used to clear a specimen or preparation for microscopic examination,noun,"['clearing agent', 'clearing agents']"
agent,a bacterium of the genus Mycoplasma (M. pneumoniae) that is the causative agent of primary atypical pneumonia,noun,"['Eaton', 'Eaton agent']"
agent,"a toxic, usually odorless organophosphate (such as sarin, tabun, or VX) that disrupts the transmission of nerve impulses by inhibiting cholinesterase and especially acetylcholinesterase and is used as a chemical weapon in gaseous or liquid form : nerve gas",noun,['nerve agent']
ozena,a chronic disease of the nose accompanied by a fetid discharge and marked by atrophic changes in the nasal structures,noun,"['ozaena', 'ozaenas', 'ozena', 'ozenas']"
open,"having the skin cracked, cut, or broken so that underlying tissue is exposed",adjective,"['open', 'opener', 'openest', 'openly', 'openness', 'opennesses']"
open,to make available for entry or passage by removing (as a cover) or clearing away (as an obstruction),verb,"['open', 'openabilities', 'openability', 'openable', 'opened', 'opening', 'opens']"
open,a progressive form of glaucoma in which the channel formed between the iris and the cornea remains open and tissue changes along the channel gradually reduce drainage of the aqueous humor through the trabecular meshwork of the eye's anterior chamber,noun,['open-angle glaucoma']
open,an arrangement of atoms represented in a structural formula by a chain whose ends are not joined so as to form a ring,noun,"['open chain', 'open chains']"
open,a fracture associated with an open wound or break in the skin through which bone often protrudes : compound fracture,noun,"['open fracture', 'open fractures']"
open,"of, relating to, or performed on a heart temporarily stopped and relieved of circulatory function and surgically opened for repair of defects or damage",adjective,['open-heart']
open,being or relating to a clinical trial in which the treatment given to each subject is not concealed from either the researchers or the subject,adjective,['open-label']
open,a reading frame that does not contain a nucleotide triplet which stops translation before formation of a complete polypeptide —abbreviation ORF,noun,"['open reading frame', 'open reading frames']"
open,realignment of a fractured bone after incision into the fracture site,noun,"['open reduction', 'open reductions']"
open,a small bump or blemish on the skin (as of the face or back) usually containing a plug of sebum in a skin pore: such as,noun,"['comedo', 'comedones']"
Bowen,a precancerous lesion of the skin or mucous membranes characterized by small solid elevations covered by thickened horny tissue,noun,"['Bowen', ""Bowen's disease""]"
Bowen,"a skin condition that is marked by the presence of flat or wartlike, often pigmented lesions in the anogenital area and is associated with certain human papillomaviruses (such as HPV-16)",noun,"['Bowenoid papulosis', 'J. T. Bowen']"
Roger,a small usually asymptomatic defect in the septum between the ventricles,noun,"['Roger', 'maladie de Roger']"
Voges,a method for detecting the presence of acetoin in a bacterial broth culture in which the addition of a concentrated solution of sodium hydroxide produces a red color in the presence of the substance,noun,"['Proskauer', 'Voges', 'Voges-Proskauer reaction']"
age,to become old : show the effects or the characteristics of increasing age,verb,"['age', 'aged', 'ageing', 'ager', 'agers', 'ages', 'aging']"
benzoin,a hard fragrant yellowish balsamic resin from trees (genus Styrax of the family Styracaceae) of southeastern Asia used especially as an expectorant and topically to relieve skin irritations,noun,"['benzoin', 'benzoins']"
benzoin,"an alcoholic solution containing essentially benzoin, storax, balsam of Tolu, and aloes that is applied topically to the skin (as to relieve irritation) and after addition to hot water as an inhalant with expectorant activity —called also compound benzoin tincture",noun,"['compound benzoin tincture', ""friar's balsam"", ""friar's balsams""]"
ansamycin,any of several antibiotics (such as the rifamycins and streptovaricins) that are derived from actinomycetes and share a chemical structure in which nonadjacent positions on an aromatic ring are connected by an aliphatic chain,noun,['ansamycin']
benzanthracene,a crystalline feebly carcinogenic cyclic hydrocarbon C18H12 that is found in small amounts in coal tar,noun,"['benzanthracene', 'benzanthracenes']"
cephamycin,any of several beta-lactam antibiotics that are produced by various bacteria of the genus Streptomyces or are made semisynthetically and that closely resemble the cephalosporins in structure and pharmacological properties,noun,['cephamycin']
benzene ring,a plane symmetrical ring of six carbon atoms which is characteristic of benzene and related aromatic compounds and in which the electrons forming three conjugated double bonds are distributed over the entire ring,noun,"['benzene ring', 'benzene rings']"
kanamycin,a broad-spectrum antibiotic from a Japanese soil bacterium of the genus Streptomyces (S. kanamyceticus),noun,"['kanamycin', 'kanamycins']"
benzenoid,"a colorless volatile flammable toxic liquid aromatic hydrocarbon C6H6 used in organic synthesis, as a solvent, and as a motor fuel —called also benzol",noun,"['benzene', 'benzenes', 'benzenoid', 'benzenoids', 'benzol']"
benzine,any of various volatile flammable petroleum distillates used especially as solvents or as motor fuels,noun,"['benzine', 'benzines']"
clindamycin,an antibiotic C18H33ClN2O5S derived from and used similarly to lincomycin,noun,"['clindamycin', 'clindamycins']"
benzoins,a hard fragrant yellowish balsamic resin from trees (genus Styrax of the family Styracaceae) of southeastern Asia used especially as an expectorant and topically to relieve skin irritations,noun,"['benzoin', 'benzoins']"
Adriamycin,—used for a preparation of the hydrochloride of doxorubicin,trademark,['Adriamycin']
benzomorphan,any of a group of synthetic compounds including some potent analgesics (as phenazocine or pentazocine),noun,"['benzomorphan', 'benzomorphans']"
antimycin,"a crystalline antibiotic C28H40N2O9 used especially as a fungicide, insecticide, and miticide —called also antimycin",noun,"['antimycin', 'antimycin A', 'antimycin As']"
bleomycin,a mixture of glycoprotein antibiotics derived from a streptomyces (Streptomyces verticillus) and used in the form of the sulfate as an antineoplastic agent,noun,"['bleomycin', 'bleomycins']"
kanamycins,a broad-spectrum antibiotic from a Japanese soil bacterium of the genus Streptomyces (S. kanamyceticus),noun,"['kanamycin', 'kanamycins']"
lincomycin,an antibiotic effective especially against gram-positive bacteria that is obtained from an actinomycete of the genus Streptomyces (S. lincolnensis) and is used in the form of its hydrated hydrochloride C18H34N2O6S·HCl·H2O,noun,"['lincomycin', 'lincomycins']"
Magnamycin,a preparation of carbomycin —formerly a United States registered trademark,noun,['Magnamycin']
mikamycin,an antibiotic complex isolated from a bacterium of the genus Streptomyces (S. mitakaensis),noun,['mikamycin']
cryostat,an apparatus for maintaining a constant low temperature especially below 0°C (as by means of liquid helium); especially : one containing a microtome for obtaining sections of frozen tissue,noun,"['cryostat', 'cryostatic', 'cryostats']"
prostate,a firm partly muscular partly glandular body that is situated about the base of the mammalian male urethra and secretes an alkaline viscid fluid which is a major constituent of semen —called also prostate,noun,"['prostate', 'prostate gland', 'prostate glands']"
prostate,a protease that is secreted by the epithelial cells of the prostate and is used in the diagnosis of prostate cancer since its concentration in the blood serum tends to be proportional to the clinical stage of the disease —abbreviation PSA,noun,"['prostate-specific antigen', 'prostate-specific antigens']"
rheostat,a resistor for regulating a current by means of variable resistances,noun,"['rheostat', 'rheostatic', 'rheostats']"
chemostat,a device in which bacteria are kept uniformly suspended in a culture medium that is constantly renewed and maintained chemically unaltered by a continuous flow of new medium through it and which is used especially in quantitative studies of mutation rates,noun,"['chemostat', 'chemostats']"
colpostat,a medical appliance or instrument (as a radium applicator) designed to facilitate vaginal treatment,noun,"['colpostat', 'colpostats']"
cryostats,an apparatus for maintaining a constant low temperature especially below 0°C (as by means of liquid helium); especially : one containing a microtome for obtaining sections of frozen tissue,noun,"['cryostat', 'cryostatic', 'cryostats']"
diastatic,relating to or having the properties of diastase; especially : converting starch into sugar,adjective,['diastatic']
myostatin,a protein found mainly in skeletal muscle that is a transforming growth factor acting to restrain the growth of muscles,noun,['myostatin']
proviral,a form of a virus that is integrated into the genetic material of a host cell and by replicating with it can be transmitted from one cell generation to the next without causing lysis,noun,"['proviral', 'provirus', 'proviruses']"
"Prower,",a clotting factor that is produced primarily in the liver under the influence of vitamin K and in its activated form is a proteolytic enzyme that converts prothrombin to thrombin in a reaction dependent on calcium ions and phospholipids and accelerated by factor V —called also Stuart-Prower factor,noun,"['Stuart-Prower factor', 'factor X']"
Provera,—used for a preparation of medroxyprogesterone acetate taken by mouth,trademark,['Provera']
Provera,—used for an aqueous suspension of medroxyprogesterone acetate administered by intramuscular injection,trademark,['Depo-Provera']
probit,a unit of measurement of statistical probability based on deviations from the mean of a normal distribution,noun,"['probit', 'probits']"
proviruses,a form of a virus that is integrated into the genetic material of a host cell and by replicating with it can be transmitted from one cell generation to the next without causing lysis,noun,"['proviral', 'provirus', 'proviruses']"
hemocoels,a body cavity (as in arthropods or some mollusks) that normally contains blood and functions as part of the circulatory system,noun,"['haemocoele', 'haemocoelic', 'hemocoel', 'hemocoele', 'hemocoeles', 'hemocoelic', 'hemocoels']"
hemoconias,small refractive colorless particles in the blood that are probably granules from the cells in the blood or minute globules of fat —called also blood dust,noun,"['blood dust', 'haemoconia', 'haemokonia', 'hemoconia', 'hemoconias', 'hemokonia', 'hemokonias']"
hemoglobins,an abnormal hemoglobin occurring in the red blood cells in sickle cell anemia and sickle-cell trait and differing from hemoglobin A in having a valine residue substituted for the glutamic-acid residue in position 6 of two of the four polypeptide chains making up the hemoglobin molecule,noun,"['hemoglobin S', 'hemoglobin Ss']"
hemoglobins,"an iron-containing respiratory pigment of vertebrate red blood cells that functions primarily in the transport of oxygen from the lungs to the tissues of the body, that consists of four polypeptide chains of which two are of the type designated alpha and two are of one of the types designated beta, gamma, or delta and each of which is linked to a heme molecule, that combines loosely and reversibly with oxygen in the lungs or gills to form oxyhemoglobin and with carbon dioxide in the tissues to form carbaminohemoglobin, that in humans is present normally in blood to the extent of 14 to 16 grams in 100 milliliters expressed sometimes on a scale of 0 to 100 with an average normal value (as 15 grams) taken as 100, and that is determined in blood either colorimetrically or by quantitative estimation of the iron present",noun,"['haemoglobin', 'haemoglobinic', 'haemoglobinous', 'haemoglobins', 'hemoglobin', 'hemoglobinic', 'hemoglobinous', 'hemoglobins']"
hemoglobins,hemoglobin that consists of two alpha chains and two gamma chains and that predominates in the blood of a newborn and persists in increased proportions in some forms of anemia (as thalassemia) —called also hemoglobin F,noun,"['fetal hemoglobin', 'fetal hemoglobins', 'hemoglobin F']"
hemocytes,a blood cell especially of an invertebrate animal (as an insect),noun,"['haemocyte', 'hemocyte', 'hemocytes']"
hemocoeles,a body cavity (as in arthropods or some mollusks) that normally contains blood and functions as part of the circulatory system,noun,"['haemocoele', 'haemocoelic', 'hemocoel', 'hemocoele', 'hemocoeles', 'hemocoelic', 'hemocoels']"
hemocyanins,a colorless copper-containing respiratory pigment in solution in the blood plasma of various arthropods and mollusks,noun,"['haemocyanin', 'hemocyanin', 'hemocyanins']"
hemocoelic,a body cavity (as in arthropods or some mollusks) that normally contains blood and functions as part of the circulatory system,noun,"['haemocoele', 'haemocoelic', 'hemocoel', 'hemocoele', 'hemocoeles', 'hemocoelic', 'hemocoels']"
hemophilias,"a tendency to uncontrollable bleeding; especially : a hereditary, sex-linked blood disorder occurring almost exclusively in males that is marked by delayed clotting of the blood with prolonged or excessive internal or external bleeding after injury or surgery and in severe cases spontaneous bleeding into joints and muscles and that is caused by a deficiency of clotting factors",noun,"['haemophilia', 'hemophilia', 'hemophilias']"
haemoglobins,"an iron-containing respiratory pigment of vertebrate red blood cells that functions primarily in the transport of oxygen from the lungs to the tissues of the body, that consists of four polypeptide chains of which two are of the type designated alpha and two are of one of the types designated beta, gamma, or delta and each of which is linked to a heme molecule, that combines loosely and reversibly with oxygen in the lungs or gills to form oxyhemoglobin and with carbon dioxide in the tissues to form carbaminohemoglobin, that in humans is present normally in blood to the extent of 14 to 16 grams in 100 milliliters expressed sometimes on a scale of 0 to 100 with an average normal value (as 15 grams) taken as 100, and that is determined in blood either colorimetrically or by quantitative estimation of the iron present",noun,"['haemoglobin', 'haemoglobinic', 'haemoglobinous', 'haemoglobins', 'hemoglobin', 'hemoglobinic', 'hemoglobinous', 'hemoglobins']"
hemocultures,a culture made from blood to detect the presence of pathogenic microorganisms,noun,"['haemoculture', 'hemoculture', 'hemocultures']"
hemoglobin S,an abnormal hemoglobin occurring in the red blood cells in sickle cell anemia and sickle-cell trait and differing from hemoglobin A in having a valine residue substituted for the glutamic-acid residue in position 6 of two of the four polypeptide chains making up the hemoglobin molecule,noun,"['hemoglobin S', 'hemoglobin Ss']"
hemoglobin S,"an iron-containing respiratory pigment of vertebrate red blood cells that functions primarily in the transport of oxygen from the lungs to the tissues of the body, that consists of four polypeptide chains of which two are of the type designated alpha and two are of one of the types designated beta, gamma, or delta and each of which is linked to a heme molecule, that combines loosely and reversibly with oxygen in the lungs or gills to form oxyhemoglobin and with carbon dioxide in the tissues to form carbaminohemoglobin, that in humans is present normally in blood to the extent of 14 to 16 grams in 100 milliliters expressed sometimes on a scale of 0 to 100 with an average normal value (as 15 grams) taken as 100, and that is determined in blood either colorimetrically or by quantitative estimation of the iron present",noun,"['haemoglobin', 'haemoglobinic', 'haemoglobinous', 'haemoglobins', 'hemoglobin', 'hemoglobinic', 'hemoglobinous', 'hemoglobins']"
hemoglobin S,hemoglobin that consists of two alpha chains and two gamma chains and that predominates in the blood of a newborn and persists in increased proportions in some forms of anemia (as thalassemia) —called also hemoglobin F,noun,"['fetal hemoglobin', 'fetal hemoglobins', 'hemoglobin F']"
hemokonias,small refractive colorless particles in the blood that are probably granules from the cells in the blood or minute globules of fat —called also blood dust,noun,"['blood dust', 'haemoconia', 'haemokonia', 'hemoconia', 'hemoconias', 'hemokonia', 'hemokonias']"
hemoccult,relating to or being a modified guaiac test in which filter paper impregnated with guaiacum turns blue if occult blood is present,adjective,"['haemoccult', 'hemoccult']"
hemolymphs,the circulatory fluid of various invertebrate animals that is functionally comparable to the blood and lymph of vertebrates,noun,"['haemolymph', 'hemolymph', 'hemolymphs']"
hemocoel,a body cavity (as in arthropods or some mollusks) that normally contains blood and functions as part of the circulatory system,noun,"['haemocoele', 'haemocoelic', 'hemocoel', 'hemocoele', 'hemocoeles', 'hemocoelic', 'hemocoels']"
hemolysins,a substance that causes the dissolution of red blood cells —called also hemotoxin,noun,"['haemolysin', 'hemolysin', 'hemolysins', 'hemotoxin']"
hemocoele,a body cavity (as in arthropods or some mollusks) that normally contains blood and functions as part of the circulatory system,noun,"['haemocoele', 'haemocoelic', 'hemocoel', 'hemocoele', 'hemocoeles', 'hemocoelic', 'hemocoels']"
catenin,"any of various intracellular, cytoplasmic proteins that mediate the adhesion of one cell to another by connecting the actin microfilaments of one cell's cytoskeleton to the transmembrane cadherins of another cell",noun,['catenin']
cellulin,a carbohydrate resembling cellulose that is chiefly of animal origin but is also found in some fungi,noun,"['cellulin', 'cellulins']"
amelogenin,any of various proteins produced by ameloblasts that make up the bulk of the extracellular matrix of developing tooth enamel and play a role in regulating the mineralization of tooth enamel,noun,['amelogenin']
celandine,a yellow-flowered biennial Eurasian herb (Chelidonium majus) of the poppy family naturalized in the eastern United States that has been used medicinally especially as a diuretic,noun,"['celandine', 'celandines']"
cell line,a cell culture selected for uniformity from a cell population derived from a usually homogeneous tissue source (as an organ),noun,"['cell line', 'cell lines']"
cellulins,a carbohydrate resembling cellulose that is chiefly of animal origin but is also found in some fungi,noun,"['cellulin', 'cellulins']"
saligenin,a crystalline phenolic alcohol C7H8O2 that is obtained usually by hydrolysis of salicin and that acts as a local anesthetic —called also salicyl alcohol,noun,"['salicyl alcohol', 'saligenin', 'saligenins']"
benign,of a mild type or character that does not threaten health or life; especially : not becoming cancerous,adjective,"['benign', 'benignities', 'benignity', 'benignly']"
benign,"a condition marked by short recurrent episodes of vertigo and nystagmus brought about by a change in head position that is thought to be caused by the movement of small crystals of calcium carbonate (otoconia) in the semicircular canals —abbreviation BPPV, BPV",noun,"['benign paroxysmal positional vertigo', 'benign positional vertigo']"
benign,benign proliferation of the epithelial and stromal cells of the prostate gland chiefly in the periurethral zone that is marked by enlargement of the prostate gland and obstruction of the flow of urine and that occurs especially in men over 50 years old —abbreviation BPH,noun,"['benign prostatic hyperplasia', 'benign prostatic hyperplasias', 'benign prostatic hypertrophy', 'benign prostatic hypertrophies']"
benign,"an abnormal condition that is characterized by increased intracranial pressure, headaches of varying intensity, papilledema, and blurring or loss of vision without any demonstrable intracranial lesion and that tends to occur in overweight women of childbearing age —called also benign intracranial hypertension, pseudotumor cerebri",noun,"['benign intracranial hypertension', 'idiopathic intracranial hypertension', 'pseudotumor cerebri']"
celandines,a yellow-flowered biennial Eurasian herb (Chelidonium majus) of the poppy family naturalized in the eastern United States that has been used medicinally especially as a diuretic,noun,"['celandine', 'celandines']"
cell lines,a cell culture selected for uniformity from a cell population derived from a usually homogeneous tissue source (as an organ),noun,"['cell line', 'cell lines']"
celled,having (such or so many) cells —used in combination,adjective,['celled']
genin,any of various aglycones that occur especially in some plants and toad venoms,noun,"['genin', 'genins']"
glutenin,a glutelin found especially in wheat and obtained by extracting gluten with dilute alkali,noun,"['glutenin', 'glutenins']"
lactenin,a nitrogenous substance present in milk that inhibits bacterial growth,noun,"['lactenin', 'lactenins']"
paracarmine,a carmine microscopy stain containing calcium chloride and often aluminum chloride,noun,"['paracarmine', 'paracarmines']"
prosoplasia,differentiation of tissue; especially : abnormal differentiation,noun,"['prosoplasia', 'prosoplasias']"
monoplegic,"paralysis affecting a single limb, body part, or group of muscles",noun,"['monoplegia', 'monoplegias', 'monoplegic']"
prosopagnosia,a form of visual agnosia characterized by an inability to recognize faces,noun,['prosopagnosia']
prosoplasias,differentiation of tissue; especially : abnormal differentiation,noun,"['prosoplasia', 'prosoplasias']"
proctologic,"a branch of medicine dealing with the structure and diseases of the anus, rectum, and sigmoid colon",noun,"['proctologic', 'proctological', 'proctologies', 'proctologist', 'proctologists', 'proctology']"
cardioplegic,temporary cardiac arrest induced (as by drugs) during heart surgery,noun,"['cardioplegia', 'cardioplegic']"
cycloplegic,"producing, involving, or characterized by cycloplegia",adjective,['cycloplegic']
monoplegia,"paralysis affecting a single limb, body part, or group of muscles",noun,"['monoplegia', 'monoplegias', 'monoplegic']"
neuroplegic,"of, relating to, or being a tranquilizing agent which acts by suppressing the transmission of nerve impulses",adjective,['neuroplegic']
paraplegic,partial or complete paralysis of the lower half of the body with involvement of both legs that is usually due to injury or disease of the spinal cord in the thoracic or lumbar region,noun,"['paraplegia', 'paraplegias', 'paraplegic', 'paraplegics']"
prosthetic,"of, relating to, or being a prosthesis; also : of or relating to prosthetics",adjective,"['prosthetic', 'prosthetically']"
prosthetic,endocarditis caused by or involving a surgically implanted prosthetic heart valve —abbreviation PVE,noun,['prosthetic valve endocarditis']
prosthetic,"the dental specialty that is concerned with the restoration or replacement of missing, deficient, or damaged teeth and maxillofacial tissue and bone and typically involves the use of prosthetic devices (such as crowns, dentures, and implants) and surgical reconstruction —called also prosthetic dentistry, prosthodontia","noun, plural in form but singular or plural in construction","['prosthetic dentistry', 'prosthodontic', 'prosthodontics']"
prosthodontic,"the dental specialty that is concerned with the restoration or replacement of missing, deficient, or damaged teeth and maxillofacial tissue and bone and typically involves the use of prosthetic devices (such as crowns, dentures, and implants) and surgical reconstruction —called also prosthetic dentistry, prosthodontia","noun, plural in form but singular or plural in construction","['prosthetic dentistry', 'prosthodontic', 'prosthodontics']"
ophthalmoplegic,paralysis of some or all of the muscles of the eye,noun,"['ophthalmoplegia', 'ophthalmoplegias', 'ophthalmoplegic']"
proglottid,"one of the segments of a tapeworm formed by a process of strobilation in the neck region of the worm, containing both male and female reproductive organs, and surviving briefly after breaking away from the strobila",noun,"['proglottid', 'proglottids']"
paracolic,either of two grooves formed by the peritoneum and lying respectively lateral to the ascending and descending colons,noun,['paracolic gutter']
proglottids,"one of the segments of a tapeworm formed by a process of strobilation in the neck region of the worm, containing both male and female reproductive organs, and surviving briefly after breaking away from the strobila",noun,"['proglottid', 'proglottids']"
parabiotic,the anatomical and physiological union of two organisms either natural (as in conjoined twins) or artificially produced,noun,"['parabioses', 'parabiosis', 'parabiotic', 'parabiotically']"
parablastic,mesoblast; especially : the part of the mesoblast giving rise to vascular structures,noun,"['parablast', 'parablastic', 'parablasts']"
paragglutination,agglutination of cells of one species by serum of an animal immunized against another usually closely related species —called also paragglutination,noun,"['cross agglutination', 'cross agglutinations', 'paragglutination']"
paralytic,rabies in which paralysis is the predominant symptom and that is characterized by muscle weakness typically beginning in the bitten extremity and spreading to the rest of the body often in an ascending pattern —called also dumb rabies,noun,"['dumb rabies', 'paralytic rabies', 'paralytic rabieses']"
paralytic,"shellfish poisoning that is characterized by numbness and tingling, nausea, vomiting, abdominal cramping, muscle weakness, and sometimes paralysis which may lead to respiratory failure and death and that is typically caused by a saxitoxin ingested in contaminated shellfish",noun,"['paralytic shellfish poisoning', 'paralytic shellfish poisonings']"
paralytic,"obstruction of the bowel; specifically : functional obstruction of the gastrointestinal tract and especially the small intestine that is marked by the absence of peristalsis, is usually accompanied by abdominal pain, bloating, and sometimes nausea and vomiting, and typically occurs following abdominal surgery —called also paralytic ileus",noun,"['ileus', 'ileuses', 'paralytic ileus']"
epiglottic,"of, relating to, or produced with the aid of the epiglottis",adjective,"['epiglottal', 'epiglottic']"
epiglottic,either of two folds of mucous membrane extending from the base of the tongue to the epiglottis with one on each side of the midline,noun,['pharyngo-epiglottic fold']
paracentric,being an inversion that occurs in a single arm of one chromosome and does not involve the centromere,adjective,['paracentric']
parakinetic,"of, relating to, or affected with a disorder of motor function resulting in abnormal movements",adjective,"['parakinesia', 'parakinetic']"
pneumoperitonea,an abnormal state characterized by the presence of gas (as air) in the peritoneal cavity,noun,"['pneumoperitonea', 'pneumoperitoneum', 'pneumoperitoneums']"
pneumoperitoneum,an abnormal state characterized by the presence of gas (as air) in the peritoneal cavity,noun,"['pneumoperitonea', 'pneumoperitoneum', 'pneumoperitoneums']"
pneumoperitoneums,an abnormal state characterized by the presence of gas (as air) in the peritoneal cavity,noun,"['pneumoperitonea', 'pneumoperitoneum', 'pneumoperitoneums']"
pneumopericardia,an abnormal state characterized by the presence of gas (as air) in the pericardium,noun,"['pneumopericardia', 'pneumopericardium', 'pneumopericardiums']"
properitoneal,lying between the parietal peritoneum and the ventral musculature of the body cavity,adjective,['properitoneal']
pneumopericardium,an abnormal state characterized by the presence of gas (as air) in the pericardium,noun,"['pneumopericardia', 'pneumopericardium', 'pneumopericardiums']"
retroperitoneal,proliferation of fibrous tissue behind the peritoneum often leading to blockage of the ureters —called also Ormond's disease,noun,"[""Ormond's disease"", 'retroperitoneal fibrosis']"
pneumopericardiums,an abnormal state characterized by the presence of gas (as air) in the pericardium,noun,"['pneumopericardia', 'pneumopericardium', 'pneumopericardiums']"
intraperitoneal,situated within or administered by entering the peritoneum,adjective,"['intraperitoneal', 'intraperitoneally']"
pneumopyopericardium,the presence of pus and air in the pericardium —called also pneumopyopericardium,noun,"['pneumopyopericardium', 'pyopneumopericardium']"
retroperitonea,"the space between the peritoneum and the posterior abdominal wall that contains especially the kidneys and associated structures, the pancreas, and part of the aorta and inferior vena cava",noun,"['retroperitonea', 'retroperitoneum', 'retroperitoneums']"
pneumoviruses,"any of a family (Pneumoviridae) of single-stranded RNA viruses that have a filamentous or spherical virion with a lipid-containing envelope, typically cause respiratory infections in mammals and birds, include the respiratory syncytial virus and metapneumovirus, and were formerly classified as paramyxoviruses",noun,"['pneumovirus', 'pneumoviruses']"
ventriculoperitoneal,relating to or serving to communicate between a ventricle of the brain and the peritoneal cavity,adjective,['ventriculoperitoneal']
deposition,deposition of acidity in the environment by acid precipitation or by acid-containing or acid-producing gases and particles,noun,['acid deposition']
indisposition,being usually temporarily in poor physical health : slightly ill,adjective,"['indisposed', 'indisposition', 'indispositions']"
despeciation,to remove the characteristic antigenicity of (a foreign protein) by chemical or other treatment,transitive verb,"['despeciate', 'despeciated', 'despeciates', 'despeciating', 'despeciation', 'despeciations']"
indispositions,being usually temporarily in poor physical health : slightly ill,adjective,"['indisposed', 'indisposition', 'indispositions']"
despeciations,to remove the characteristic antigenicity of (a foreign protein) by chemical or other treatment,transitive verb,"['despeciate', 'despeciated', 'despeciates', 'despeciating', 'despeciation', 'despeciations']"
dissociation,the act or process of dissociating : the state of being dissociated: as,noun,"['dissociation', 'dissociations']"
dissociation,a constant that depends upon the equilibrium between the dissociated and undissociated forms of a chemical combination; especially : ionization constant —symbol K,noun,"['dissociation constant', 'dissociation constants']"
dissociation,a curve determined by plotting on a graph the partial pressure of oxygen in blood as the abscissa and the percentage of hemoglobin combined with oxygen in the form of oxyhemoglobin as the ordinate,noun,['oxygen dissociation curve']
dissociation,a constant that depends upon the equilibrium between the ions and the molecules that are not ionized in a solution or liquid —symbol K—called also dissociation constant,noun,"['dissociation constant', 'ionization constant', 'ionization constants']"
apposition,the placing of things in juxtaposition or proximity; specifically : deposition of successive layers upon those already present (as in cell walls),noun,"['appose', 'apposed', 'apposes', 'apposing', 'apposition', 'appositional', 'appositions']"
dislocation,displacement of one or more bones at a joint : luxation,noun,"['dislocation', 'dislocations']"
dissolution,"an act or the process by which a solid, liquid, or gaseous substance is homogeneously mixed with a liquid or sometimes a gas or solid —called also dissolution",noun,"['dissolution', 'solution', 'solutions']"
position,a particular arrangement or location; specifically : an arrangement of the parts of the body considered particularly desirable for some medical or surgical procedure,noun,"['position', 'positional', 'positionally', 'positions']"
position,a position (as of a sleeping person) in which the body lies curled up on one side with the arms and legs drawn up toward the chest and the head is bowed forward and which is assumed in some forms of psychological regression,noun,"['fetal position', 'fetal positions']"
position,"a position of the body for medical examination, pelvic or abdominal surgery, or childbirth in which the individual lies on the back with the hips and knees flexed and the legs spread and raised above the hips often with the use of stirrups",noun,['lithotomy position']
position,a coital position in which the female lies on her back with the male on top and with his face opposite hers,noun,"['missionary position', 'missionary positions']"
position,a position of the body for medical examination or operation in which the patient is placed head down on a table inclined at about 45 degrees from the floor with the knees uppermost and the legs hanging over the end of the table,noun,"['Trendelenburg', 'Trendelenburg position']"
reposition,to return to or place in a normal or proper position,transitive verb,"['reposition', 'repositioned', 'repositioning', 'repositions']"
disproportion,absence of symmetry or the proper dimensional relationship,noun,"['disproportion', 'disproportional', 'disproportions']"
disproportion,a condition in which a maternal pelvis is small in relation to the size of the fetal head,noun,"['cephalopelvic disproportion', 'cephalopelvic disproportions']"
Paracoccidioides,a genus of imperfect fungi that includes the causative agent (P. brasiliensis) of South American blastomycosis,noun,['Paracoccidioides']
coccidioidal,"belonging to, resembling, or caused by fungi of the genus Coccidioides",adjective,['coccidioidal']
paracoccidioidomycosis,"blastomycosis caused by a fungus of the genus Paracoccidioides (P. brasiliensis synonym Blastomyces brasiliensis) and characterized by formation of ulcers on the mucosal surfaces of the mouth that spread to lips, nose, and cheeks, by great enlargement of lymph nodes especially of the throat and chest, and by involvement of the gastrointestinal tract —called also paracoccidioidomycosis",noun,"['South American blastomycosis', 'paracoccidioidomycosis']"
paracystitides,inflammation of the connective tissue about the bladder,noun,"['paracystitides', 'paracystitis']"
coccidioides,"a genus of ascomycetous fungi (family Onygenaceae) found especially in dry, warm soils that produce infectious arthroconidia and cause coccidioidomycosis",noun,"['coccidioides', 'coccidioideses']"
coccidioidin,"an antigen derived from a fungus of the genus Coccidioides (C. immitis) while in its mycelial phase and used to detect skin sensitivity to and, by inference, infection with this organism",noun,"['coccidioidin', 'coccidioidins']"
coccidial,a large order of schizogonic telosporidian sporozoans typically parasites of the digestive epithelium of vertebrates and higher invertebrates and including several forms of great economic importance,noun plural,"['coccidia', 'coccidial']"
coccidioidins,"an antigen derived from a fungus of the genus Coccidioides (C. immitis) while in its mycelial phase and used to detect skin sensitivity to and, by inference, infection with this organism",noun,"['coccidioidin', 'coccidioidins']"
coccidiostat,a chemical agent added to animal feed (as for poultry) that serves to retard the life cycle or reduce the population of pathogenic coccidia to the point that disease is minimized and the host develops immunity,noun,"['coccidiostat', 'coccidiostats']"
parachordal,either of a pair of cartilaginous rods that develop on each side of the notochord beneath the posterior part of the embryonic brain and participate in formation of the parachordal plate,noun,"['parachordal', 'parachordals']"
parachordal,a cartilaginous plate that is formed of the fused parachordals and anterior notochord and gives rise to the ethmoid bone and certain other bones of the vertebrate skull —called also basilar plate,noun,"['basilar plate', 'parachordal plate', 'parachordal plates']"
paranoidal,characterized by or resembling paranoia or paranoid schizophrenia,adjective,"['paranoid', 'paranoidal', 'paranoids']"
coccidia,a large order of schizogonic telosporidian sporozoans typically parasites of the digestive epithelium of vertebrates and higher invertebrates and including several forms of great economic importance,noun plural,"['coccidia', 'coccidial']"
coccidioideses,"a genus of ascomycetous fungi (family Onygenaceae) found especially in dry, warm soils that produce infectious arthroconidia and cause coccidioidomycosis",noun,"['coccidioides', 'coccidioideses']"
teniae,any of three external longitudinal muscle bands of the large intestine,noun,"['taenia coli', 'taeniae coli', 'tenia coli', 'teniae coli']"
TENS,electrical stimulation of the skin to relieve pain by interfering with the neural transmission of signals from underlying pain receptors —called also TENS,noun,"['TENS', 'transcutaneous electrical nerve stimulation', 'transcutaneous electrical nerve stimulations', 'transcutaneous electrical nerve stimulator', 'transcutaneous nerve stimulation', 'transcutaneous nerve stimulator']"
renal,"relating to, involving, affecting, or located in the region of the kidneys : nephric",adjective,['renal']
renal,"either of two branches of the abdominal aorta of which each supplies one of the kidneys, arises immediately below the origin of the corresponding superior mesenteric artery, divides into four or five branches which enter the hilum of the kidney, and gives off smaller branches to the ureter, adrenal gland, and adjoining structures",noun,"['renal arteries', 'renal artery']"
renal,"a cast of a renal tubule consisting of granular, hyaline, albuminoid, or other material formed in and discharged from the kidney in renal disease",noun,"['renal cast', 'renal casts']"
renal,the severe pain produced by the passage of a calculus from the kidney through the ureter,noun,"['renal colic', 'renal colics']"
renal,"the part of a nephron that consists of Bowman's capsule with its included glomerulus —called also Malpighian body, Malpighian corpuscle",noun,"['Malpighian body', 'Malpighian corpuscle', 'renal corpuscle', 'renal corpuscles']"
renal,excretion of glucose associated with increased permeability of the kidneys without increased sugar concentration in the blood —called also renal diabetes,noun,"['renal diabetes', 'renal glycosuria', 'renal glycosurias']"
tea,"a shrub (Camellia sinensis of the family Theaceae, the tea family) cultivated especially in China, Japan, and the East Indies",noun,"['tea', 'tealike', 'teas']"
tea,an essential oil derived from an Australian tree (Melaleuca alternifolia) and used especially as an antiseptic,noun,['tea tree oil']
tea,a rank-scented tropical American pigweed of the genus Chenopodium (C. ambrosioides) that is the source of chenopodium oil,noun,['Mexican tea']
tear,a drop of clear saline fluid secreted by the lacrimal gland and diffused between the eye and eyelids to moisten the parts and facilitate their motion,noun,"['tear', 'tearless', 'tears']"
hydra,any of numerous small tubular freshwater hydrozoan polyps (Hydra and related genera) having at one end a mouth surrounded by tentacles,noun,"['hydra', 'hydras']"
hydro,a hydropathic facility : spa; also : a hotel catering to people using such a facility,noun,"['hydro', 'hydros']"
dyer,to impart a new and often permanent color to especially by impregnating with a dye,verb,"['dye', 'dyeabilities', 'dyeability', 'dyeable', 'dyed', 'dyeing', 'dyer', 'dyers', 'dyes']"
hair,a slender threadlike outgrowth of the epidermis of an animal; especially : one of the usually pigmented filaments that form the characteristic coat of a mammal,noun,"['hair', 'hairless', 'hairlessness', 'hairlessnesses', 'hairlike', 'hairs', ""in one's hair"", ""out of one's hair""]"
hair,a compact mass of hair formed in the stomach especially of a shedding animal (as a cat) that cleanses its coat by licking —called also trichobezoar,noun,"['hair ball', 'hair balls', 'trichobezoar']"
hair,the bulbous expansion at the base of a hair from which the hair shaft develops,noun,['hair bulb']
hair,a cell with hairlike processes; especially : one of the sensory cells in the auditory epithelium of the organ of Corti,noun,"['hair cell', 'hair cells']"
hair,the tubular epithelial sheath that surrounds the lower part of the hair shaft and encloses at the bottom a vascular papilla supplying the growing basal part of the hair with nourishment,noun,"['hair follicle', 'hair follicles']"
hair,the part of a hair projecting beyond the surface of the skin,noun,['hair shaft']
hair,the hairlike free end of a neuroepithelial cell in a taste bud,noun,"['taste hair', 'taste hairs']"
hypo,"a hygroscopic crystalline salt Na2O3S2 that is used as a fixing agent in photography, as a reducing agent and bleaching agent, in chemical analysis for the titration of iodine, and in medicine as an antidote in poisoning especially by cyanides and as an antifungal agent —called also hypo, sodium hyposulfite",noun,"['fixer', 'hypo', 'sodium hyposulfite', 'sodium thiosulfate', 'sodium thiosulfates']"
histidine,a crystalline essential amino acid C6H9N3O2 formed by the hydrolysis of most proteins —abbreviation His,noun,"['histidine', 'histidines']"
histidines,a crystalline essential amino acid C6H9N3O2 formed by the hydrolysis of most proteins —abbreviation His,noun,"['histidine', 'histidines']"
histidyl,the amino acid radical or residue C3H3N2CH2CH(NH2)CO— of histidine —abbreviation His,noun,['histidyl']
aspidinol,a yellow crystalline compound C12H16O4 found in the rhizome of the male fern,noun,"['aspidinol', 'aspidinols']"
histidinemia,a recessive autosomal metabolic defect that results in an excess amount of histidine in the blood and urine due to a deficiency of histidase,noun,"['histidinaemia', 'histidinaemic', 'histidinemia', 'histidinemias', 'histidinemic']"
histidinemic,a recessive autosomal metabolic defect that results in an excess amount of histidine in the blood and urine due to a deficiency of histidase,noun,"['histidinaemia', 'histidinaemic', 'histidinemia', 'histidinemias', 'histidinemic']"
histidinuria,the presence of an excessive amount of histidine in the urine (as in pregnancy),noun,['histidinuria']
histidinaemia,a recessive autosomal metabolic defect that results in an excess amount of histidine in the blood and urine due to a deficiency of histidase,noun,"['histidinaemia', 'histidinaemic', 'histidinemia', 'histidinemias', 'histidinemic']"
histidinaemic,a recessive autosomal metabolic defect that results in an excess amount of histidine in the blood and urine due to a deficiency of histidase,noun,"['histidinaemia', 'histidinaemic', 'histidinemia', 'histidinemias', 'histidinemic']"
histidinemias,a recessive autosomal metabolic defect that results in an excess amount of histidine in the blood and urine due to a deficiency of histidase,noun,"['histidinaemia', 'histidinaemic', 'histidinemia', 'histidinemias', 'histidinemic']"
histidase,an enzyme occurring especially in the liver of vertebrates that is capable of deaminating histidine to form urocanic acid,noun,"['histidase', 'histidases']"
aspidinols,a yellow crystalline compound C12H16O4 found in the rhizome of the male fern,noun,"['aspidinol', 'aspidinols']"
histidases,an enzyme occurring especially in the liver of vertebrates that is capable of deaminating histidine to form urocanic acid,noun,"['histidase', 'histidases']"
histamine,"a compound C5H9N3 especially of mammalian tissues that causes dilatation of capillaries, contraction of smooth muscle, and stimulation of gastric acid secretion, that is released during allergic reactions, and that is formed by decarboxylation of histidine",noun,"['histamine', 'histamines', 'histaminic']"
histamine,"a headache that is characterized by severe unilateral pain in the eye or temple, affects primarily men, and tends to recur in a series of attacks —called also histamine cephalalgia, histamine cephalgia, Horton's syndrome",noun,"[""Horton's syndrome"", 'cluster headache', 'cluster headaches', 'histamine cephalalgia', 'histamine cephalgia']"
histamine,a receptor for histamine on cell membranes that modulates the stimulation of heart rate and the secretion of gastric acid —called also H2 histamine receptor,noun,"['H2 histamine receptor', 'H2 histamine receptors', 'H2 receptor', 'H2 receptors']"
histamines,"a compound C5H9N3 especially of mammalian tissues that causes dilatation of capillaries, contraction of smooth muscle, and stimulation of gastric acid secretion, that is released during allergic reactions, and that is formed by decarboxylation of histidine",noun,"['histamine', 'histamines', 'histaminic']"
histaminic,"a compound C5H9N3 especially of mammalian tissues that causes dilatation of capillaries, contraction of smooth muscle, and stimulation of gastric acid secretion, that is released during allergic reactions, and that is formed by decarboxylation of histidine",noun,"['histamine', 'histamines', 'histaminic']"
histomonal,"a genus of flagellate protozoans (family Mastigamoebidae) that are parasites in the liver and intestinal mucosa especially of poultry, and are usually considered to include a single species (H. meleagridis) that causes blackhead",noun,"['Histomonas', 'histomonad', 'histomonads', 'histomonal']"
cimetidines,an H2 antagonist C10H16N6S that like histamine contains the ring structure of imidazole and is used to inhibit gastric acid secretion in conditions in which such secretion produces duodenal or gastric ulcers or erosive lesions (as in serious cases of gastroesophageal reflux disease),noun,"['cimetidine', 'cimetidines']"
sorbable,to take up and hold by either adsorption or absorption,transitive verb,"['sorb', 'sorbabilities', 'sorbability', 'sorbable', 'sorbed', 'sorbing', 'sorbs']"
sorbate,a potassium salt C6H7KO2 of sorbic acid used especially as a food preservative,noun,['potassium sorbate']
sorbability,to take up and hold by either adsorption or absorption,transitive verb,"['sorb', 'sorbabilities', 'sorbability', 'sorbable', 'sorbed', 'sorbing', 'sorbs']"
sorbabilities,to take up and hold by either adsorption or absorption,transitive verb,"['sorb', 'sorbabilities', 'sorbability', 'sorbable', 'sorbed', 'sorbing', 'sorbs']"
on view,a radiographic image of the body or a body part often taken with the body or part oriented in a standardized way in relation to the imaging beam of radiation —called also projection,noun,"['in view of', 'on view', 'projection', 'view', 'views', 'with a view to']"
sorbed,to take up and hold by either adsorption or absorption,transitive verb,"['sorb', 'sorbabilities', 'sorbability', 'sorbable', 'sorbed', 'sorbing', 'sorbs']"
sorbing,to take up and hold by either adsorption or absorption,transitive verb,"['sorb', 'sorbabilities', 'sorbability', 'sorbable', 'sorbed', 'sorbing', 'sorbs']"
sorbinil,a drug C11H19FN2O3 that inhibits the activity of a reductase which catalyzes the conversion of glucose to sorbitol and that has been used experimentally in the treatment of diabetic neuropathy,noun,['sorbinil']
sorbose,a sweet crystalline levorotatory ketohexose sugar C6H12O6 that is derived from sorbitol,noun,"['sorbose', 'sorboses']"
sorboses,a sweet crystalline levorotatory ketohexose sugar C6H12O6 that is derived from sorbitol,noun,"['sorbose', 'sorboses']"
absorbances,the ability of a solution or a layer of a substance to absorb radiation that is expressed mathematically as the negative common logarithm of the transmittance of the substance or solution —called also optical density,noun,"['absorbance', 'absorbances', 'absorbency', 'optical density']"
absorbable,"to take up especially by capillary, osmotic, solvent, or chemical action",transitive verb,"['absorb', 'absorbabilities', 'absorbability', 'absorbable', 'absorbed', 'absorber', 'absorbers', 'absorbing', 'absorbs']"
absorbance,the ability of a solution or a layer of a substance to absorb radiation that is expressed mathematically as the negative common logarithm of the transmittance of the substance or solution —called also optical density,noun,"['absorbance', 'absorbances', 'absorbency', 'optical density']"
guaiac,a test for blood in urine or feces using a reagent containing guaiacum that yields a blue color when blood is present,noun,['guaiac test']
guaiacol,a fragrant liquid or solid compound C7H8O2 obtained by distilling guaiacum or from wood-tar creosote or made synthetically and used chiefly as an expectorant and as a local anesthetic,noun,"['guaiacol', 'guaiacols']"
guaiacum,"a genus (family Zygophyllaceae) of tropical American trees and shrubs having pinnate leaves, usually blue flowers, and capsular fruit",noun,"['guaiacum', 'guaiacums']"
guanines,a purine base C5H5N5O that codes genetic information in the polynucleotide chain of DNA or RNA,noun,"['guanine', 'guanines']"
guaranas,a dried paste made from the seeds of a Brazilian climbing shrub (Paullinia cupana) containing tannin and caffeine and used in making an astringent drink,noun,"['guarana', 'guaranas']"
analyst,a person who analyzes or who is skilled in analysis,noun,"['analyst', 'analysts']"
analysts,a person who analyzes or who is skilled in analysis,noun,"['analyst', 'analysts']"
bends,decompression sickness; also : intense joint pain occurring as a common manifestation of decompression sickness —usually used with the,"noun, plural in form but singular or plural in construction",['bends']
bends,"a sometimes fatal condition that is caused by the release of gas bubbles typically of nitrogen as it leaves its dissolved form throughout the body upon a rapid decrease in barometric pressure (such as that experienced by the rapid ascent of a diver from a deep dive or the rapid ascent of a pilot to high altitudes in a poorly pressurized aircraft) —called also bends, caisson disease",noun,"['bends', 'caisson disease', 'decompression illness', 'decompression sickness', 'decompression sicknesses', 'decompression syndrome']"
benzoate,a colorless oily ester C14H12O2 used in medicine formerly as an antispasmodic and now in the form of a lotion as a scabicide and in perfumery as a fixative and solvent,noun,"['benzyl benzoate', 'benzyl benzoates']"
benzoate,a crystalline or granular salt C7H5O2Na used chiefly as a food preservative,noun,"['sodium benzoate', 'sodium benzoates']"
benzyl,a colorless oily ester C14H12O2 used in medicine formerly as an antispasmodic and now in the form of a lotion as a scabicide and in perfumery as a fixative and solvent,noun,"['benzyl benzoate', 'benzyl benzoates']"
protanopia,a dichromatism in which the spectrum is seen in tones of yellow and blue with confusion of red and green and reduced sensitivity to monochromatic lights from the red end of the spectrum,noun,"['protanopia', 'protanopias']"
protanopias,a dichromatism in which the spectrum is seen in tones of yellow and blue with confusion of red and green and reduced sensitivity to monochromatic lights from the red end of the spectrum,noun,"['protanopia', 'protanopias']"
proteomic,"a branch of biotechnology concerned with applying the techniques of molecular biology, biochemistry, and genetics to analyzing the structure, function, and interactions of the proteins produced by the genes of a particular cell, tissue, or organism, with organizing the information in databases, and with applications of the data (as in medicine or biology)","noun, plural in form but singular in construction","['proteomic', 'proteomics']"
protonic,"an elementary particle that is identical with the nucleus of the hydrogen atom, that along with neutrons is a constituent of all other atomic nuclei, that carries a positive charge numerically equal to the charge of an electron, and that has a mass of 1.673×10—24 gram",noun,"['proton', 'protonic', 'protons']"
prototropic,tautomerism involving the migration of a proton especially to a location three atoms distant in an organic molecule,noun,"['prototropic', 'prototropies', 'prototropy']"
protanomaly,deficient color vision in which an abnormally large proportion of red is required to match the spectrum,noun,"['protanomalies', 'protanomaly']"
tritanopia,dichromatism in which the spectrum is seen in tones of red and green,noun,"['tritanopia', 'tritanopias']"
proteinosis,the accumulation of abnormal amounts of protein in bodily tissues,noun,"['proteinoses', 'proteinosis', 'proteinosises']"
proteinosis,a chronic disease of the lungs characterized by the filling of the alveoli with proteinaceous material and by the progressive loss of lung function,noun,['pulmonary alveolar proteinosis']
protanomalies,deficient color vision in which an abnormally large proportion of red is required to match the spectrum,noun,"['protanomalies', 'protanomaly']"
prothrombic,a plasma protein produced in the liver in the presence of vitamin K and converted into thrombin by the action of various activators (as thromboplastin) in the clotting of blood,noun,"['prothrombic', 'prothrombin', 'prothrombins']"
tritanopias,dichromatism in which the spectrum is seen in tones of red and green,noun,"['tritanopia', 'tritanopias']"
proteinoid,any of various polypeptides which can be obtained by suitable polymerization of mixtures of amino acids,noun,"['proteinoid', 'proteinoids']"
scab,"any of several small mites that cause mange, scabies, or scab; especially : one of the genus Psoroptes",noun,"['scab mite', 'scab mites']"
scan,to examine especially systematically with a sensing device (as a photometer or a beam of radiation),verb,"['scan', 'scannable', 'scanned', 'scanning', 'scans']"
scan,"a cross-sectional, three-dimensional image of an internal body part produced by computed tomography chiefly for diagnostic purposes —called also CAT scan",noun,"['CAT scan', 'CT scan', 'CT scanner']"
scan,a sectional view of the body constructed by positron-emission tomography,noun,"['PET scan', 'PET scanner', 'PET scanning', 'PET scans']"
cat,a carnivorous mammal (Felis catus) long domesticated and kept as a pet or for catching rats and mice,noun,"['cat', 'cats', 'kat']"
cat,computed axial tomography; computerized axial tomography,abbreviation,['CAT']
cat,a respiratory infection accompanied by fever —used especially in the United States Navy,noun,"['cat fever', 'cat fevers']"
cat,"a common often pestiferous flea of the genus Ctenocephalides (C. felis) that breeds chiefly on cats, dogs, and rats",noun,"['cat flea', 'catfleas']"
cat,a biting louse (Felicola subrostratus) of the family Trichodectidae common on cats especially in warm regions,noun,"['cat lice', 'cat louse', 'cat louses']"
scar,a mark left (as in the skin) by the healing of injured tissue,noun,"['scar', 'scarless', 'scars']"
scar,the connective tissue forming a scar and composed chiefly of fibroblasts in recent scars and largely of dense collagenous fibers in old scars,noun,"['scar tissue', 'scar tissues']"
CAT,a carnivorous mammal (Felis catus) long domesticated and kept as a pet or for catching rats and mice,noun,"['cat', 'cats', 'kat']"
CAT,computed axial tomography; computerized axial tomography,abbreviation,['CAT']
CAT,a respiratory infection accompanied by fever —used especially in the United States Navy,noun,"['cat fever', 'cat fevers']"
CAT,"a common often pestiferous flea of the genus Ctenocephalides (C. felis) that breeds chiefly on cats, dogs, and rats",noun,"['cat flea', 'catfleas']"
CAT,a biting louse (Felicola subrostratus) of the family Trichodectidae common on cats especially in warm regions,noun,"['cat lice', 'cat louse', 'cat louses']"
cod,"any of various bottom-dwelling fishes (family Gadidae, the cod family) that usually occur in cold marine waters and often have barbels and three dorsal fins: as",noun,"['cod', 'cods']"
cod,a pale yellow fatty oil obtained from the liver of the cod (Gadus morhua) and related fishes and used in medicine (as in the prophylaxis of rickets) chiefly as a source of vitamins A and D,noun,"['cod-liver oil', 'cod-liver oils']"
scala,"any of the three spirally arranged canals into which the bony canal of the cochlea is partitioned by the vestibular and basilar membranes and which comprise the cochlear duct, scala tympani, and scala vestibuli",noun,"['scala', 'scalae', 'scalas']"
scala,"the lymph-filled spirally arranged canal in the bony canal of the cochlea that is separated from the cochlear duct by the basilar membrane, communicates at its upper end with the scala vestibuli, and abuts at its lower end upon the membrane that separates the round window from the middle ear",noun,"['scala tympani', 'scalae tympanorum']"
scala,"the lymph-filled spirally arranged canal in the bony canal of the cochlea that is separated from the cochlear duct below by the vestibular membrane, is connected with the oval window, and receives vibrations from the stapes",noun,"['scala vestibuli', 'scalae vestibulorum']"
scala,"the spirally arranged canal in the bony canal of the cochlea that contains the organ of Corti, is triangular in cross section, and is bounded by the vestibular membrane above, by the periosteum-lined wall of the cochlea laterally, and by the basilar membrane below —called also ductus cochlearis, scala media",noun,"['cochlear canal', 'cochlear duct', 'ductus cochlearis', 'scala media']"
seat,a part or surface especially in dentistry on or in which another part or surface rests,noun,"[""by the seat of one's pants"", 'seat', 'seats']"
seat,an area on the surface of a tooth that is specially prepared (as by grinding) for the attachment of a dental rest,noun,['rest seat']
scale,a small thin dry lamina shed (as in many skin diseases) from the skin,noun,"['scale', 'scaled', 'scaleless', 'scales', 'to scale']"
scale,a series of marks or points at known intervals used to measure distances (as the height of the mercury in a thermometer),noun,"['scale', 'scaled', 'scaleless', 'scales', 'to scale']"
scale,either of two hydrometer scales that indicate specific gravity in arbitrarily defined but constant degrees:,noun,['Baume scale']
scale,"an intelligence test consisting originally of tasks graded from the level of the average 3-year-old to that of the average 12-year-old but later extended in range —called also Binet-Simon test, Binet test",noun,"['Binet test', 'Binet-Simon scale', 'Binet-Simon test']"
scale,"a scale that is used to assess the severity of a brain injury, that consists of values from 3 to 15 obtained by summing the ratings assigned to three variables depending on whether and how the patient responds to certain standard stimuli by opening the eyes, giving a verbal response, and giving a motor response, and that for a low score (as 3 to 5) indicates a poor chance of recovery and for a high score (as 8 to 15) indicates a good chance of recovery",noun,['Glasgow Coma Scale']
scale,a temperature scale that has the kelvin as its unit of measurement and according to which absolute zero (—273.15°C) is 0 K and water freezes at 273.15 K and boils at 373.15 K,noun,['Kelvin scale']
SOD,a severe dermatitis especially of young chickens and turkeys ranging on sod that is characterized by vesicle and scab formation on the feet and frequent sloughing of toes —called also sod disease,noun,"['sod disease', 'vesicular dermatitis']"
scalp,the part of the integument of the head usually covered with hair in both sexes,noun,"['scalp', 'scalps']"
scaly,a disease of poultry that is transmitted by a mite of the genus Knemidokoptes (K. mutans) and that produces an abnormal rough hard scaliness on the featherless parts of the legs,noun,"['scaly leg', 'scaly legs']"
